,State,Zip Code,< -$100,$-100 to $-90,$-90 to $-80,$-80 to $-70,$-70 to $-60,$-60 to $-50,$-50 to $-40,$-40 to $-30,$-30 to $-20,$-20 to $-10,$-10 to $0,$0 to $10,$10 to $20,$20 to $30,$30 to $40,$40 to $50,$50 to $60,$60 to $70,$70 to $80,$80 to $90,$90 to $100,> $100,Grand Total
2,CA,90004,1.0,,,,2.0,,,,1.0,2.0,1.0,70.0,2.0,,,,,,,,,,79.0
3,CA,90005,,,,,,,,,,,,8.0,2.0,,,,,,,,,,10.0
4,CA,90006,,,,,,,,,,,,2.0,7.0,,,,,,,,,,9.0
5,CA,90007,,,,,,,,,,,,12.0,,,,,,,,,,,12.0
6,CA,90008,,,,,,,,,,,,32.0,,,,,,,,,,,32.0
10,CA,90016,,,,,,,,,,1.0,,233.0,19.0,8.0,1.0,2.0,,,,1.0,,,265.0
12,CA,90018,1.0,,,,,,,,,,,20.0,,,,,,,,,,,21.0
13,CA,90019,4.0,,,1.0,,,,1.0,,1.0,2.0,105.0,253.0,46.0,1.0,,,,,,,,414.0
14,CA,90020,,,,,,,,,,,,31.0,,,,,,,,,,,31.0
17,CA,90024,,,,,,,,,,2.0,13.0,45.0,,,,,,,,,,,60.0
18,CA,90025,2.0,,,,,,,,,5.0,1.0,22.0,2.0,,,,,,,,,,32.0
19,CA,90026,,,,,,,,,,,6.0,47.0,,,,,,,,,,,53.0
20,CA,90027,3.0,,,,,,,1.0,,2.0,22.0,78.0,,,,,,,,,,,106.0
21,CA,90028,,,,,,,,,,,,8.0,,,,,,,,,,,8.0
22,CA,90029,,,,,1.0,2.0,,3.0,7.0,7.0,6.0,13.0,1.0,,,,,,,,,,40.0
23,CA,90031,2.0,,,,,,,,,1.0,1.0,17.0,,,,,,,,,,,21.0
24,CA,90032,,,,,,,,,,,4.0,3.0,,,,,,,,,,,7.0
26,CA,90034,,,,,,,,,,,,38.0,,,,,,,,,,,38.0
27,CA,90035,,,,,,,,,,,,33.0,,,,,,,,,,,33.0
28,CA,90036,,,,,,,,,,,,26.0,,,,,,,,,,,26.0
30,CA,90038,,,,,,,,,,,,8.0,,,,,,,,,,,8.0
31,CA,90039,,,,,1.0,3.0,,1.0,1.0,3.0,17.0,117.0,8.0,4.0,,,,,,,,,155.0
32,CA,90041,,,,,,,,,,,,29.0,,,,,,,,,,,29.0
33,CA,90042,,,,1.0,,,,,,,3.0,31.0,,,,,,,,,,,35.0
34,CA,90043,1.0,,,,1.0,,1.0,4.0,,,,60.0,,,,,,,,,,,67.0
35,CA,90044,,,,,,,,,,,1.0,9.0,,,,,,,,,,,10.0
36,CA,90045,,,,1.0,,,,,,,,23.0,,,,,,,,,,,24.0
37,CA,90046,24.0,1.0,,1.0,5.0,3.0,1.0,3.0,2.0,2.0,17.0,231.0,4.0,,1.0,,,,,,,,295.0
38,CA,90047,,,,,,1.0,3.0,4.0,1.0,,1.0,167.0,,,,,,,,,,,177.0
39,CA,90048,,,,,,,,,,,,56.0,,,,,,,,,,,56.0
40,CA,90049,8.0,,2.0,,1.0,,1.0,3.0,2.0,,18.0,365.0,,1.0,,,,,,,,,401.0
41,CA,90056,,,,,,,,,,,,17.0,,,,,,,,,,,17.0
45,CA,90064,10.0,,2.0,3.0,3.0,7.0,20.0,28.0,24.0,21.0,13.0,168.0,3.0,,,,,,,,,,302.0
46,CA,90065,,,,,,,,,,,,42.0,,,,,,,,,,,42.0
47,CA,90066,,,,,,,,1.0,1.0,,1.0,99.0,,,,,,,,,,,102.0
49,CA,90068,5.0,4.0,,,,,,,,2.0,14.0,206.0,,,1.0,,,,,,,,232.0
50,CA,90069,,,,1.0,,,,,,,15.0,125.0,,1.0,,,,,,,,,142.0
52,CA,90077,13.0,1.0,,,1.0,,1.0,2.0,2.0,4.0,16.0,145.0,18.0,7.0,,,,,,,,,210.0
53,CA,90094,,,,,,,,,,,,12.0,,,,,,,,,,,12.0
54,CA,90201,,,,,,,,,,,,6.0,,,,,,,,,,,6.0
55,CA,90210,13.0,4.0,1.0,,1.0,2.0,2.0,2.0,2.0,1.0,11.0,349.0,2.0,,2.0,3.0,,,,,,,395.0
56,CA,90211,,,,,,,,,,,,9.0,,,,,,,,,,,9.0
57,CA,90212,,,,,,,,,,1.0,,16.0,,,,,,,,,,,17.0
58,CA,90220,,,,,,,,,,,,12.0,,,,,,,,,,,12.0
59,CA,90221,,,,,,,,,,,,19.0,,,,,,,,,,,19.0
60,CA,90222,,,,,,,,,,,,5.0,,,,,,,,,,,5.0
61,CA,90230,,,,,,,,,,,,46.0,,,,,,,,,,,46.0
62,CA,90232,,,,,,,,,,,,22.0,1.0,,,,,,,,,,23.0
63,CA,90240,,,1.0,,1.0,,1.0,,,,,38.0,,,,,,,,,,,41.0
64,CA,90241,,,,,1.0,,,,,,1.0,31.0,,,,,,,,,,,33.0
65,CA,90242,,,,,,,,,,,1.0,16.0,,,,,,,,,,,17.0
66,CA,90245,,,,,,,,,,,,14.0,,,,,,,,,,,14.0
67,CA,90247,,,,,,,,,,,,9.0,,,,,,,,,,,9.0
69,CA,90249,,,,,,,,,,,,5.0,,,,,,,,,,,5.0
70,CA,90250,,,,,,,,,,1.0,,12.0,,,,,,,,,,,13.0
71,CA,90254,,,,,,,,,,,,59.0,,,,,,,,,,,59.0
73,CA,90260,,,,,,,,,,,,6.0,1.0,,,,,,,,,,7.0
74,CA,90262,,,,,,1.0,,8.0,4.0,7.0,6.0,29.0,8.0,8.0,,,,,,,,,71.0
76,CA,90265,403.0,13.0,14.0,8.0,9.0,12.0,12.0,13.0,15.0,10.0,15.0,151.0,36.0,78.0,74.0,9.0,12.0,,,,,,884.0
77,CA,90266,,,,,,,,,,,5.0,106.0,,,,,,,,,,,111.0
78,CA,90272,53.0,1.0,2.0,3.0,2.0,,,6.0,2.0,4.0,9.0,128.0,,,,,,,,,,,210.0
79,CA,90274,7.0,,,,,,,,,,7.0,78.0,,,,,,,,,,,92.0
80,CA,90275,,,1.0,,,,,,,,4.0,48.0,,,,,,,,,,,53.0
81,CA,90277,1.0,,,,,,,,,,,32.0,,,,,,,,,,,33.0
82,CA,90278,,,,,,,,,,,,29.0,,,,,,,,,,,29.0
83,CA,90280,,,,,,,,,,,,11.0,,,,,,,,,,,11.0
84,CA,90290,14.0,1.0,1.0,1.0,1.0,1.0,,1.0,,2.0,2.0,41.0,4.0,3.0,1.0,,,,,,,,73.0
85,CA,90291,,,,,,,,,,1.0,,280.0,6.0,,1.0,,,,,,,,288.0
86,CA,90292,,,,,,,,,,,,107.0,2.0,,,,,,,,,,109.0
87,CA,90293,1.0,,,,,,,,,,,26.0,,,,,,,,,,,27.0
92,CA,90305,,,,,,,,,,,,6.0,,,,,,,,,,,6.0
93,CA,90401,,,,,,,,,,,,9.0,,,,,,,,,,,9.0
94,CA,90402,,,,,2.0,1.0,,,1.0,,1.0,151.0,1.0,,,,,,,,,,157.0
95,CA,90403,,,,,,,,,,,2.0,23.0,,,,,,,,,,,25.0
97,CA,90405,,,,,,,,,,,,55.0,,,,,,,,,,,55.0
98,CA,90501,,,,,,,,,,,,16.0,,,,,,,,,,,16.0
99,CA,90502,,,,,,,,,,,,5.0,,,,,,,,,,,5.0
100,CA,90503,,,,,,,,,,,,15.0,,,,,,,,,,,15.0
101,CA,90504,,,,,,,,,,,,13.0,,,,,,,,,,,13.0
102,CA,90505,,,,,,,,,,,1.0,27.0,,,,,,,,,,,28.0
103,CA,90601,1.0,,,,,,,,,3.0,1.0,11.0,,,,,,,,,,,16.0
105,CA,90603,,1.0,,,,1.0,,,,,,6.0,,1.0,,,,,,,,,9.0
106,CA,90604,,,,,,,,,,,,7.0,,,,,,,,,,,7.0
107,CA,90605,,,,,,,,,,,1.0,9.0,,,,,,,,,,,10.0
108,CA,90606,,,,,,,,1.0,,1.0,11.0,16.0,10.0,1.0,,,,,,,,,40.0
109,CA,90620,,,,,,,,,,,,14.0,,,,,,,,,,,14.0
110,CA,90621,,,,,,,,,,,,14.0,10.0,5.0,,,,,,,,,29.0
111,CA,90623,,,,,,,,,,,,23.0,,,,,,,,,,,23.0
112,CA,90630,,,,,,,1.0,,,2.0,,59.0,,,,,,,,,,,62.0
113,CA,90631,1.0,,2.0,1.0,8.0,1.0,4.0,2.0,1.0,3.0,8.0,65.0,12.0,2.0,,,,,,,,,110.0
114,CA,90638,1.0,,,,1.0,,,,,,,18.0,,,,,,,,,,,20.0
115,CA,90640,,,,,,,,,,,,14.0,,,,,,,,,,,14.0
116,CA,90650,,,,,,,,,,,,25.0,,,,,,,,,,,25.0
117,CA,90660,2.0,,,,1.0,,1.0,,,1.0,,55.0,,,,,,,,,,,60.0
118,CA,90670,,,,,,,,,,,,5.0,,,,,,,,,,,5.0
119,CA,90680,,,,,,,,,,,,7.0,,,,,,,,,,,7.0
121,CA,90703,,,,,,,,,,,,56.0,,,,,,,,,,,56.0
122,CA,90704,6.0,,,,1.0,2.0,,1.0,1.0,,,12.0,3.0,2.0,2.0,,,,,,,,30.0
123,CA,90706,,,,,,,,,,,,35.0,,,,,,,,,,,35.0
124,CA,90710,,,,,,,,,,,,9.0,,,,,,,,,,,9.0
125,CA,90712,,,,,,,,,,,,37.0,,,,,,,,,,,37.0
126,CA,90713,,,,,,,,,,,,41.0,,,,,,,,,,,41.0
127,CA,90715,,,,,,,,,,,,18.0,,,,,,,,,,,18.0
129,CA,90717,,,,,,,,,,,,6.0,,,,,,,,,,,6.0
130,CA,90720,,,,,,,,,,,,78.0,,,1.0,,,,,,,,79.0
131,CA,90723,,,,,,,,,,,,13.0,,,,,,,,,,,13.0
132,CA,90731,,,,,1.0,,,,,,,13.0,,,,,,,,,,,14.0
133,CA,90732,,,,,,,,,,,1.0,20.0,,,,,,,,,,,21.0
134,CA,90740,1.0,,,,,,,,,,,206.0,6.0,4.0,1.0,,,,,,,,218.0
135,CA,90742,,,,,,,1.0,,,1.0,,72.0,,,,,,,,,,,74.0
136,CA,90743,,,,,2.0,,,,,,,54.0,,1.0,,,,,,,,,57.0
137,CA,90744,,,,,,,,,,,,9.0,,,,,,,,,,,9.0
138,CA,90745,,,,,,,,,,,,15.0,,1.0,,,,,,,,,16.0
139,CA,90746,,,,,,,,,,,1.0,28.0,,,,,,,,,,,29.0
140,CA,90755,,,,,,,,,,,1.0,7.0,,,,,,,,,,,8.0
141,CA,90802,,,,,,,,,,,,5.0,,,,,,,,,,,5.0
142,CA,90803,110.0,9.0,15.0,21.0,24.0,33.0,35.0,37.0,35.0,42.0,34.0,467.0,451.0,126.0,20.0,,,,,,,,1459.0
143,CA,90804,,,,,,,,,,,,5.0,,,,,,,,,,,5.0
144,CA,90805,,,,,,,,,,,,51.0,,1.0,,,,,,,,,52.0
145,CA,90806,,,,,,,,,,,,35.0,,1.0,1.0,,,,,,,,37.0
146,CA,90807,,,,,,,,,,1.0,7.0,27.0,,,,,,,,,,,35.0
147,CA,90808,,,,,,,,1.0,,,1.0,147.0,,,,,,,,,,,149.0
148,CA,90810,,,,,,,,1.0,,1.0,,33.0,,,,,,,,,,,35.0
150,CA,90814,,,,1.0,,1.0,,,1.0,,1.0,55.0,2.0,,,,,,,,,,61.0
151,CA,90815,1.0,,,,,1.0,,,,,,162.0,3.0,1.0,1.0,,,,,,,,169.0
152,CA,91001,3.0,,,1.0,,,,,,,,64.0,,,,,,,,,,,68.0
153,CA,91006,,,,,,,,,,,,14.0,,1.0,,,,,,,,,15.0
156,CA,91010,1.0,1.0,,,,,1.0,1.0,,,2.0,18.0,,,,,,,,,,,24.0
157,CA,91011,2.0,,1.0,,,,,,,,,85.0,1.0,1.0,,,,,,,,,90.0
158,CA,91016,2.0,,,,,,,,,,,20.0,,,,,,,,,,,22.0
159,CA,91020,,,,,,,,,,,,5.0,,,,,,,,,,,5.0
161,CA,91024,,,,,,,1.0,,,,,29.0,,,,,,,,,,,30.0
162,CA,91030,,,,,,,,,,2.0,7.0,19.0,,,,,,,,,,,28.0
163,CA,91040,4.0,,,,1.0,,1.0,,1.0,3.0,3.0,35.0,9.0,,,,,,,,,,57.0
164,CA,91042,3.0,1.0,,,,,,,,,2.0,25.0,,,,,,,,,,,31.0
166,CA,91103,,,,,,,,,,,,23.0,,,,,,,,,,,23.0
167,CA,91104,,,,,,,,,,,,16.0,,,,,,,,,,,16.0
168,CA,91105,,,,,,,,,,,4.0,47.0,,,,,,,,,,,51.0
169,CA,91106,,,,,,,,,,,,13.0,,,,,,,,,,,13.0
170,CA,91107,,,,,,,,,,,,41.0,,,,,,,,,,,41.0
171,CA,91108,,,,,,,,,,,,15.0,,,,,,,,,,,15.0
172,CA,91201,,,,,,,,,,,,24.0,,,,,,,,,,,24.0
173,CA,91202,,,,,,,1.0,,,,,10.0,,,,,,,,,,,11.0
177,CA,91206,3.0,,,,1.0,,,,,,1.0,21.0,,,,,,,,,,,26.0
178,CA,91207,,,,,,,,,,,,10.0,,,,,,,,,,,10.0
179,CA,91208,2.0,2.0,,,,,1.0,1.0,,1.0,,19.0,,,,,,,,,,,26.0
180,CA,91214,,,,,,,,1.0,,1.0,1.0,54.0,,,,,,,,,,,57.0
181,CA,91301,6.0,,,,,,,3.0,,2.0,1.0,131.0,7.0,8.0,4.0,1.0,,1.0,,,,,164.0
182,CA,91302,36.0,3.0,2.0,4.0,3.0,2.0,1.0,1.0,4.0,,1.0,143.0,,3.0,,,,,,,,,203.0
183,CA,91303,,,,,,,,,,,,5.0,,,,,,,,,,,5.0
184,CA,91304,1.0,,,1.0,,,,,,,1.0,41.0,,,,,,,,,,,44.0
185,CA,91306,,,,,,,,,,,,19.0,,,,,,,,,,,19.0
186,CA,91307,,,,,,1.0,,,,,,56.0,1.0,,,,,,,,,,58.0
187,CA,91311,3.0,1.0,,,1.0,,,1.0,2.0,,,41.0,2.0,,,,,,,,,,51.0
188,CA,91316,1.0,,,1.0,,,,,,,3.0,114.0,1.0,,,,,,,,,,120.0
189,CA,91320,18.0,8.0,4.0,4.0,7.0,2.0,1.0,1.0,3.0,2.0,3.0,86.0,10.0,1.0,,,,,,,,,150.0
190,CA,91321,11.0,,3.0,2.0,3.0,2.0,5.0,6.0,1.0,5.0,5.0,84.0,45.0,22.0,1.0,,,,,,,,195.0
191,CA,91324,1.0,,,,,,,,1.0,,,23.0,,,,,,,,,,,25.0
192,CA,91325,,,,,,,,,,,,28.0,,,,,,,,,,,28.0
193,CA,91326,,1.0,,,,,1.0,,1.0,,,35.0,,,,,,,,,,,38.0
195,CA,91335,,,,,,,,,1.0,,,21.0,,1.0,,,,,,,,,23.0
197,CA,91342,,,1.0,,,,2.0,2.0,,1.0,2.0,35.0,16.0,4.0,,,,,,,,,63.0
198,CA,91343,,,,,,,,,,,,22.0,,,,,,,,,,,22.0
199,CA,91344,1.0,,,,,,,,,,4.0,38.0,,,,,,,,,,,43.0
200,CA,91345,,,,,,,,,,,,6.0,,,,,,,,,,,6.0
201,CA,91350,1.0,,,,,,,,1.0,,,2.0,3.0,,1.0,,,,,,,,8.0
202,CA,91351,3.0,1.0,,,1.0,,,,1.0,,,9.0,18.0,3.0,2.0,1.0,,,,,,,39.0
203,CA,91352,9.0,4.0,1.0,1.0,2.0,,2.0,,,1.0,1.0,21.0,,,,,,,,,,,42.0
204,CA,91354,3.0,,,2.0,,,,,1.0,,,3.0,,,,,,,,,,,9.0
205,CA,91355,1.0,,,,,,,,1.0,,,13.0,4.0,1.0,1.0,,,,,,,,21.0
206,CA,91356,1.0,,,,,,,,,1.0,16.0,103.0,,,,,,,,,,,121.0
207,CA,91360,,1.0,,1.0,1.0,,,1.0,,1.0,,77.0,6.0,1.0,,,,,,,,,89.0
208,CA,91361,5.0,,,,,2.0,,,,2.0,3.0,116.0,1.0,1.0,,,,,,,,,130.0
209,CA,91362,,,,,,,,1.0,,1.0,,108.0,1.0,,,,,,,,,,111.0
210,CA,91364,1.0,,,,,,,,,,12.0,99.0,,,,,,,,,,,112.0
211,CA,91367,,,,,,,,,,,2.0,63.0,,1.0,,,,,,,,,66.0
212,CA,91377,1.0,,2.0,,,2.0,,,,1.0,1.0,58.0,,,,,,,,,,,65.0
213,CA,91381,4.0,,,,,,,1.0,,,,1.0,,,,,,,,,,,6.0
214,CA,91384,7.0,,1.0,2.0,3.0,2.0,1.0,8.0,15.0,11.0,12.0,53.0,17.0,2.0,,2.0,,,,,,,136.0
215,CA,91387,6.0,1.0,,2.0,,,1.0,,4.0,1.0,,60.0,37.0,20.0,5.0,,,,,,,,137.0
216,CA,91390,9.0,,,2.0,3.0,4.0,4.0,3.0,9.0,8.0,7.0,51.0,24.0,12.0,,,,,,,,1.0,137.0
217,CA,91401,,,,,,,,,,,,39.0,,,,,,,,,,,39.0
219,CA,91403,1.0,,,,,,,,,,3.0,121.0,1.0,,,,,,,,,,126.0
220,CA,91405,,,,,,,,,,,,19.0,1.0,,1.0,,,,,,,,21.0
221,CA,91406,,,,,,,,1.0,,,,42.0,1.0,,,,,,,,,,44.0
222,CA,91411,,,,,,,,,,,,15.0,,,,,,,,,,,15.0
223,CA,91423,1.0,,,1.0,,,,,,,,174.0,1.0,1.0,3.0,,,,,,,,181.0
224,CA,91436,4.0,,2.0,,,,,,,,10.0,137.0,,1.0,1.0,,,,,,,,155.0
225,CA,91501,1.0,1.0,1.0,3.0,3.0,2.0,4.0,4.0,2.0,3.0,3.0,11.0,,,,,,,,,,,38.0
226,CA,91504,2.0,,1.0,,,,,,,,,13.0,,,,,,,,,,,16.0
227,CA,91505,,,,,,,,,1.0,,,27.0,,,,,,,,,,,28.0
228,CA,91506,,,,,,,,,,,,23.0,,,,,,,,,,,23.0
229,CA,91601,,,,,,,,,,,,22.0,,,,,,,,,,,22.0
230,CA,91602,,,,,,,,,,,,47.0,,,,,,,,,,,47.0
231,CA,91604,1.0,,,,,1.0,2.0,,,1.0,7.0,233.0,1.0,,2.0,1.0,,,,,,,249.0
232,CA,91605,1.0,,1.0,1.0,,,,,,,,16.0,,,,,,,,,,,19.0
233,CA,91606,,,,,,,,,,,,9.0,,,,,,,,,,,9.0
234,CA,91607,1.0,,,,,,,,,,,43.0,,,,,,,,,,,44.0
235,CA,91701,7.0,,,,,,,,,1.0,1.0,20.0,,1.0,,,,,,,,,30.0
236,CA,91702,,,,,,,,,,,,9.0,,,,,,,,,,,9.0
237,CA,91706,,,,,,,,,,,,7.0,,,,,,,,,,,7.0
239,CA,91709,1.0,,,,,1.0,,,1.0,,,16.0,,,,,,,,,,,19.0
240,CA,91710,2.0,,,,,,,,,,,14.0,1.0,2.0,,,,,,,,,19.0
241,CA,91711,,,,,,,,,,,1.0,38.0,,,,,,,,,,,39.0
243,CA,91724,,,,,,,,,,,,9.0,,,,,,,,,,,9.0
244,CA,91730,7.0,3.0,4.0,4.0,4.0,1.0,6.0,4.0,2.0,2.0,2.0,26.0,4.0,1.0,,,,,,,,,70.0
247,CA,91737,1.0,,1.0,,,,,,,1.0,,18.0,,1.0,,,,,,,,,22.0
248,CA,91739,,,,,,,,,,,,15.0,,,,,,,,,,,15.0
249,CA,91740,,,,,,,,,,,,10.0,,,,,,,,,,,10.0
250,CA,91741,3.0,,1.0,,,,,,1.0,,,35.0,,,,,,,,,,,40.0
252,CA,91745,,,,,,,,,,,,10.0,,,,,,,,,,,10.0
254,CA,91748,,,,,,,,,,,,9.0,,,,,,,,,,,9.0
255,CA,91750,,,,,,,,,,,,15.0,,,,,,,,,,,15.0
256,CA,91752,,,,,,,,,,1.0,,128.0,1.0,,,,,,,,,,130.0
257,CA,91754,,,,,,,,,,,,14.0,,,,,,,,,,,14.0
259,CA,91759,1.0,,,1.0,,,,,,,,3.0,4.0,2.0,3.0,,,,,,,,14.0
260,CA,91761,,,,,,,,,,,,9.0,,,,,,,,,,,9.0
261,CA,91762,,,,,,,,,,,,6.0,,,,,,,,,,,6.0
263,CA,91764,,,,,,,,,,,,11.0,,,,,,,,,,,11.0
264,CA,91765,,,,,,,,,,,1.0,16.0,,,,,,,,,,,17.0
266,CA,91770,,,,,,,,,,,,5.0,,,,,,,,,,,5.0
267,CA,91773,,1.0,,,,,,,,,1.0,7.0,,,,,,,,,,,9.0
270,CA,91784,,,,,,,,,,,,29.0,,,,,,,,,,,29.0
271,CA,91786,1.0,1.0,,1.0,,1.0,,,1.0,,,14.0,,,,,,,,,,,19.0
272,CA,91789,1.0,,,,,,,,,,,9.0,,,,,,,,,,,10.0
274,CA,91791,3.0,,,,,,,,,,,12.0,1.0,,,,,,,,,,16.0
278,CA,91901,1.0,,1.0,,,1.0,,,,,5.0,12.0,,,,,,,,,,,20.0
279,CA,91902,2.0,,,,,,,,,,2.0,23.0,6.0,9.0,1.0,,,,,,,,43.0
281,CA,91910,,,,,,,,,,2.0,1.0,24.0,,2.0,1.0,,,,,,,,30.0
282,CA,91911,1.0,,,1.0,,,,,,,3.0,24.0,3.0,1.0,,,,,,,,,33.0
283,CA,91913,,,,,,,,,,,3.0,5.0,,,,,,,,,,,8.0
284,CA,91914,,,,,,,,,,,1.0,6.0,,,,,,,,,,,7.0
285,CA,91915,,,,,,,,,,,1.0,8.0,,,,,,,,,,,9.0
286,CA,91916,,,,,,,,,,,1.0,4.0,,,,,,,,,,,5.0
288,CA,91932,,,,,,,,,,,,77.0,1.0,,,,,,,,,,78.0
289,CA,91935,2.0,,,,,1.0,,,,,1.0,5.0,,,,,,,,,,,9.0
290,CA,91941,2.0,,1.0,3.0,,,1.0,,,,7.0,42.0,,,,,,,,,,,56.0
291,CA,91942,,,,,,,,,,1.0,2.0,19.0,,,,,,,,,,,22.0
292,CA,91945,1.0,,,,,,,,,,1.0,8.0,,,,,,,,,,,10.0
293,CA,91950,17.0,3.0,,,,,1.0,3.0,,2.0,,29.0,,,,,,,,,,,55.0
294,CA,91962,1.0,,,,,,,,,,,4.0,1.0,,,,,,,,,,6.0
296,CA,91977,8.0,,2.0,1.0,3.0,,,1.0,,1.0,3.0,39.0,,,,,,,,,,,58.0
297,CA,91978,1.0,,,1.0,,,,,,,1.0,6.0,,,,,,,,,,,9.0
299,CA,92003,,,,,,,,,,,,8.0,,,,,,,,,,,8.0
300,CA,92004,1.0,,,,,1.0,7.0,3.0,9.0,10.0,16.0,220.0,92.0,12.0,2.0,,,,,,,,373.0
301,CA,92007,,,,,,,,,,,3.0,16.0,,,,,,,,,,,19.0
302,CA,92008,,,1.0,,,,,,,,2.0,39.0,,,,,,,,,,,42.0
303,CA,92009,1.0,,,1.0,,,,,,,8.0,59.0,,,,,,,,,,,69.0
304,CA,92010,,,,1.0,,,,,,,8.0,18.0,,,,,,,,,,,27.0
305,CA,92011,,,,,,,,,,,11.0,21.0,,,,,,,,,,,32.0
306,CA,92014,13.0,,1.0,,1.0,,3.0,1.0,2.0,4.0,6.0,117.0,21.0,13.0,6.0,,,,,,,,188.0
307,CA,92019,1.0,1.0,1.0,1.0,1.0,2.0,1.0,,1.0,,1.0,41.0,4.0,1.0,,,,,,,,,56.0
308,CA,92020,1.0,1.0,,1.0,2.0,,,,,,2.0,32.0,,,,,,,,,,,39.0
309,CA,92021,4.0,,1.0,,1.0,,1.0,,,,1.0,50.0,2.0,1.0,1.0,,,,,,,,62.0
310,CA,92024,3.0,,,,,,,,,2.0,12.0,74.0,,3.0,1.0,,,,,,,,95.0
311,CA,92025,2.0,,,,,,,1.0,,1.0,4.0,16.0,,,,,,,,,,,24.0
312,CA,92026,4.0,1.0,,,,2.0,,1.0,2.0,,2.0,34.0,4.0,,,,,,,,,,50.0
313,CA,92027,4.0,,,,2.0,9.0,12.0,24.0,46.0,49.0,38.0,137.0,41.0,10.0,,,,,,,,,372.0
314,CA,92028,4.0,,,1.0,,3.0,2.0,,1.0,,12.0,60.0,,1.0,,,,,,,,,84.0
315,CA,92029,,,,,,,,,,,3.0,18.0,,,,,,,,,,,21.0
317,CA,92037,2.0,,1.0,,,1.0,,1.0,1.0,4.0,35.0,140.0,,,,,,,,,,,185.0
318,CA,92040,11.0,4.0,,1.0,1.0,,,2.0,2.0,3.0,2.0,63.0,26.0,10.0,3.0,,,,,,,,128.0
319,CA,92054,,,,1.0,,1.0,,,1.0,,2.0,333.0,17.0,3.0,2.0,,,,,,,,360.0
320,CA,92056,6.0,,2.0,1.0,1.0,,,3.0,4.0,2.0,12.0,29.0,,,,,,,,,,,60.0
321,CA,92057,2.0,,,,,,,,1.0,,7.0,91.0,2.0,,1.0,,,,,,,,104.0
322,CA,92058,,,,,,,,,3.0,2.0,2.0,294.0,9.0,1.0,,,,,,,,,311.0
323,CA,92061,,,,,,,,,,,,8.0,1.0,,,,,,,,,,9.0
324,CA,92064,28.0,7.0,10.0,7.0,10.0,7.0,6.0,4.0,6.0,5.0,7.0,136.0,16.0,6.0,2.0,,,,,,,,257.0
325,CA,92065,2.0,,,1.0,,2.0,2.0,,2.0,3.0,7.0,123.0,12.0,1.0,,,,,,,,,155.0
326,CA,92067,,,,,,,,,,,17.0,41.0,1.0,,,,,,,,,,59.0
327,CA,92069,5.0,,2.0,1.0,,1.0,1.0,1.0,1.0,,1.0,35.0,,,,,,,,,,,48.0
328,CA,92071,,,,,,,,,,1.0,,60.0,2.0,1.0,,,,,,,,,64.0
329,CA,92075,1.0,,1.0,,,1.0,,,,,,33.0,,,,,,,,,,,36.0
330,CA,92078,1.0,,,,,,,1.0,,,2.0,33.0,5.0,1.0,,,,,,,,,43.0
331,CA,92081,,,,,,1.0,,,,,5.0,14.0,,,,,,,,,,,20.0
332,CA,92082,2.0,,1.0,1.0,,1.0,1.0,,,,1.0,33.0,3.0,3.0,,,1.0,,,,,,47.0
333,CA,92083,4.0,1.0,,,1.0,,1.0,1.0,2.0,1.0,1.0,19.0,3.0,,,,,,,,,,34.0
334,CA,92084,1.0,,,,2.0,,,1.0,,1.0,5.0,42.0,2.0,,,,,,,,,,54.0
335,CA,92091,1.0,,1.0,,,,,1.0,1.0,,4.0,30.0,1.0,,1.0,,,,,,,,40.0
338,CA,92102,8.0,,,,,1.0,1.0,,,,3.0,16.0,15.0,7.0,,,,,,,,,51.0
339,CA,92103,5.0,,,,,,1.0,1.0,,3.0,14.0,19.0,1.0,,,,,,,,,,44.0
340,CA,92104,,,,,,,,,,,2.0,20.0,,,,,,,,,,,22.0
341,CA,92105,7.0,,,,1.0,,,1.0,1.0,1.0,7.0,24.0,3.0,,,,,,,,,,45.0
342,CA,92106,1.0,,,,,,,,,1.0,13.0,29.0,,,,,,,,,,,44.0
343,CA,92107,8.0,1.0,1.0,,,2.0,,,1.0,,4.0,41.0,1.0,,,,,,,,,,59.0
344,CA,92108,,,,,,,,,,,,18.0,,,1.0,,,,,,,,19.0
345,CA,92109,1.0,,,,,,2.0,,1.0,1.0,2.0,244.0,1.0,2.0,,,,,,,,,254.0
346,CA,92110,,,,,,,,,,1.0,2.0,41.0,19.0,10.0,,,,,,,,,73.0
347,CA,92111,,,,,,,,,,,5.0,13.0,,,,,,,,,,,18.0
348,CA,92113,20.0,,1.0,1.0,1.0,4.0,6.0,7.0,3.0,4.0,,39.0,32.0,22.0,,2.0,1.0,,,,,,143.0
349,CA,92114,12.0,1.0,2.0,,2.0,3.0,,,1.0,1.0,6.0,49.0,3.0,,,,,,,,,,80.0
350,CA,92115,,,,,,,,,,1.0,7.0,21.0,,,,,,,,,,,29.0
351,CA,92116,,,,,,,,,,,8.0,10.0,,,,,,,,,,,18.0
352,CA,92117,7.0,,,,,1.0,,2.0,,,10.0,46.0,,,,,,,,,,,66.0
353,CA,92118,1.0,,,,,,,,,,1.0,229.0,2.0,1.0,,,,,,,,,234.0
354,CA,92119,,,,,,,,,,,1.0,21.0,,,,,,,,,,,22.0
355,CA,92120,,,,,,,,,,,8.0,24.0,,,,,,,,,,,32.0
357,CA,92122,,,,,,,,,,,,26.0,,,,,,,,,,,26.0
358,CA,92123,,,,,,,,,,,7.0,10.0,,,,,,,,,,,17.0
359,CA,92124,1.0,,,,,,,,,,8.0,10.0,,,,,,,,,,,19.0
360,CA,92126,,,,,,,,,,,3.0,20.0,,,,,,,,,,,23.0
361,CA,92127,,,,,,,,,,,10.0,36.0,,,,,,,,,,,46.0
362,CA,92128,1.0,,,,,1.0,,,,,10.0,57.0,,,,,,,,,,,69.0
363,CA,92129,,,,,,,,,,,4.0,37.0,,,,,,,,,,,41.0
364,CA,92130,,,,,,,,,,,18.0,61.0,,,,,,,,,,,79.0
365,CA,92131,,,,,,,,,,,10.0,29.0,,,,,,,,,,,39.0
366,CA,92139,6.0,,1.0,1.0,,,,,1.0,,2.0,8.0,,,,,,,,,,,19.0
367,CA,92154,6.0,,1.0,,,1.0,2.0,2.0,6.0,2.0,5.0,51.0,1.0,,,,,,,,,,77.0
369,CA,92201,,,,,,,,,,1.0,,40.0,,,,,,,,,,,41.0
370,CA,92203,3.0,,1.0,2.0,4.0,4.0,6.0,9.0,9.0,13.0,40.0,335.0,118.0,13.0,,,,,,,,,557.0
371,CA,92210,,,,,,,,,,,,131.0,,1.0,,,,,,,,,132.0
372,CA,92211,5.0,,1.0,1.0,2.0,2.0,1.0,,,,1.0,91.0,1.0,,,,,,,,,,105.0
373,CA,92220,1.0,,,,,,,,,,,7.0,,,,,,,,,,,8.0
374,CA,92223,4.0,,2.0,1.0,1.0,1.0,1.0,4.0,4.0,4.0,1.0,28.0,11.0,1.0,,,,,,,,,63.0
376,CA,92230,1.0,,,1.0,2.0,,,,,,,6.0,4.0,3.0,,,,,,,,,17.0
379,CA,92234,7.0,6.0,1.0,2.0,4.0,5.0,11.0,6.0,6.0,1.0,2.0,99.0,2.0,,,,,,,,,,152.0
380,CA,92240,,,,,1.0,9.0,7.0,10.0,11.0,10.0,16.0,207.0,19.0,5.0,,,,,,,,,295.0
381,CA,92241,1.0,,1.0,,1.0,3.0,5.0,11.0,7.0,10.0,7.0,137.0,7.0,,,,,,,,,,190.0
382,CA,92243,1.0,,,,,,,1.0,,,,4.0,,,,,,,,,,,6.0
385,CA,92252,4.0,,1.0,,,1.0,2.0,,,1.0,1.0,10.0,,,,,,,,,,,20.0
386,CA,92253,,,,,,,1.0,,1.0,1.0,,358.0,,,,,,,,,,,361.0
387,CA,92254,,1.0,,,,1.0,1.0,1.0,,1.0,,,,,,,,,,,,,5.0
388,CA,92256,12.0,1.0,1.0,3.0,2.0,,3.0,2.0,3.0,5.0,5.0,10.0,2.0,3.0,,,,,,,,,52.0
390,CA,92259,5.0,,1.0,1.0,,,,,,,,2.0,,,,,,,,,,,9.0
391,CA,92260,2.0,,,,,1.0,1.0,,,,1.0,111.0,1.0,1.0,,,,,,,,,118.0
392,CA,92262,,1.0,,,,,,,1.0,,1.0,90.0,,,,,,,,,,,93.0
393,CA,92264,1.0,1.0,,,,,,,,,,122.0,16.0,4.0,2.0,,,,,,,,146.0
394,CA,92270,,,,,,,,,,,,76.0,,,,,,,,,,,76.0
395,CA,92274,1.0,1.0,1.0,,1.0,,,4.0,,,,23.0,,,,,,,,,,,31.0
396,CA,92276,,,,,3.0,7.0,24.0,63.0,65.0,56.0,32.0,471.0,9.0,,,,,,,,,,730.0
397,CA,92277,,1.0,2.0,,5.0,10.0,23.0,31.0,27.0,24.0,21.0,236.0,35.0,19.0,1.0,,,,,,,,435.0
400,CA,92283,3.0,,,,,,,,,,,4.0,3.0,,,,,,,,,,10.0
401,CA,92284,21.0,2.0,2.0,1.0,1.0,3.0,4.0,1.0,5.0,3.0,3.0,32.0,11.0,4.0,1.0,,,,,,,,94.0
403,CA,92301,1.0,,,1.0,1.0,1.0,,,1.0,1.0,2.0,2.0,,1.0,,,,,,,,,11.0
404,CA,92307,8.0,,1.0,2.0,1.0,1.0,1.0,3.0,5.0,3.0,4.0,74.0,12.0,2.0,1.0,,,,,,,,118.0
405,CA,92308,1.0,,,,,,1.0,,,,,32.0,1.0,,,,,,,,,,35.0
406,CA,92311,4.0,1.0,1.0,4.0,9.0,8.0,3.0,5.0,2.0,3.0,4.0,37.0,,1.0,,,,,,,,,82.0
408,CA,92314,16.0,3.0,,1.0,,3.0,1.0,2.0,2.0,4.0,8.0,23.0,18.0,10.0,3.0,,,,,,,,94.0
409,CA,92315,1.0,,,,,,,,,1.0,2.0,20.0,2.0,,,,,,,,,,26.0
412,CA,92320,,,,,,,,,,,,15.0,2.0,1.0,,,,,,,,,18.0
415,CA,92324,2.0,,,,1.0,,,,2.0,2.0,2.0,17.0,8.0,2.0,,,,,,,,,36.0
416,CA,92325,5.0,,2.0,1.0,,,1.0,,1.0,,,4.0,,,,,,,,,,,14.0
419,CA,92333,2.0,,,,,,,,,,1.0,3.0,,,,,,,,,,,6.0
420,CA,92335,,,,,9.0,22.0,43.0,40.0,42.0,17.0,11.0,63.0,1.0,,,,,,,,,,248.0
421,CA,92336,,,,,,,,,,,,10.0,,,,,,,,,,,10.0
422,CA,92337,,,,,,,,,,,,5.0,,,,,,,,,,,5.0
423,CA,92339,8.0,,,1.0,1.0,,2.0,1.0,,,,44.0,7.0,6.0,1.0,,,,,,,,71.0
424,CA,92341,2.0,,,,,,,1.0,1.0,,1.0,1.0,,,,,,,,,,,6.0
426,CA,92345,15.0,2.0,1.0,3.0,5.0,2.0,4.0,2.0,,8.0,2.0,83.0,17.0,1.0,,,,,,,,,145.0
427,CA,92346,1.0,2.0,,4.0,,,,,1.0,2.0,2.0,55.0,4.0,,,,,,,,,,71.0
428,CA,92352,10.0,2.0,1.0,,,,,,,1.0,1.0,13.0,,1.0,,,,,,,,,29.0
429,CA,92354,,,,,,,,,,,,11.0,3.0,1.0,,,,,,,,,15.0
430,CA,92358,3.0,,,,1.0,,,,,,,11.0,11.0,3.0,,,,,,,,,29.0
431,CA,92359,2.0,,,,,,,,,,1.0,10.0,1.0,,,1.0,,,,,,,15.0
432,CA,92363,3.0,,,,1.0,,,,,,1.0,10.0,2.0,3.0,1.0,,,,,,,,21.0
434,CA,92371,,1.0,,1.0,1.0,,4.0,2.0,9.0,7.0,3.0,49.0,2.0,,,,,,,,,,79.0
435,CA,92372,,,1.0,,1.0,,1.0,1.0,,2.0,2.0,33.0,5.0,3.0,1.0,,,,,,,,50.0
436,CA,92373,1.0,,,,,,1.0,,,,,28.0,5.0,1.0,1.0,,,,,,,,37.0
437,CA,92374,4.0,1.0,,,,3.0,2.0,4.0,,2.0,4.0,64.0,33.0,3.0,,,,,,,,,120.0
438,CA,92376,,,,,,1.0,,,,,,8.0,,,,,,,,,,,9.0
439,CA,92377,,,,,,,,,,,,6.0,,,,,,,,,,,6.0
442,CA,92392,,,,,,,,,,1.0,,8.0,,,,,,,,,,,9.0
443,CA,92394,,,1.0,,,,1.0,,,,1.0,9.0,,,,,,,,,,,12.0
444,CA,92395,1.0,,,,1.0,,,,,,1.0,22.0,,,,,,,,,,,25.0
445,CA,92397,22.0,1.0,2.0,1.0,7.0,6.0,8.0,9.0,3.0,5.0,8.0,129.0,13.0,7.0,,,,,,,,,221.0
447,CA,92399,5.0,,1.0,,,1.0,,,2.0,2.0,1.0,47.0,9.0,6.0,,,,,,,,,74.0
448,CA,92404,8.0,,,2.0,1.0,,,1.0,2.0,1.0,4.0,31.0,7.0,3.0,,,,,,,,,60.0
449,CA,92405,13.0,1.0,,1.0,,1.0,,,,,,2.0,,,,,,,,,,,18.0
450,CA,92407,3.0,,,,2.0,1.0,1.0,,1.0,,,34.0,1.0,,,,,,,,,,43.0
451,CA,92408,2.0,,,,,,1.0,,,,,1.0,3.0,1.0,,,,,,,,,8.0
452,CA,92410,1.0,,1.0,,,,,,,,,2.0,4.0,2.0,,,,,,,,,10.0
454,CA,92501,1.0,,,,,,,,,,,9.0,,,1.0,,,,,,,,11.0
455,CA,92503,,,,,,,,,,,,15.0,1.0,,,,,,,,,,16.0
456,CA,92504,,,1.0,,,,,1.0,,,,14.0,,1.0,,,,,,,,,17.0
457,CA,92505,,,,,,,,,,,,5.0,,1.0,,,,,,,,,6.0
458,CA,92506,,,,,,,,,,,,30.0,,1.0,,,,,,,,,31.0
459,CA,92507,3.0,,,3.0,,,,2.0,1.0,,1.0,20.0,2.0,1.0,,,,,,,,,33.0
461,CA,92509,,,,,,,,1.0,1.0,,,17.0,4.0,1.0,,,,,,,,,24.0
462,CA,92530,7.0,1.0,1.0,2.0,2.0,2.0,4.0,,2.0,4.0,3.0,79.0,12.0,7.0,,1.0,,,,,,,127.0
463,CA,92532,,,,,,1.0,,,,,,13.0,,,,,,,,,,,14.0
466,CA,92543,4.0,,2.0,,2.0,1.0,,,,,,19.0,12.0,5.0,1.0,,,,,,,,46.0
467,CA,92544,1.0,1.0,,,,,2.0,,,,,20.0,7.0,1.0,,,1.0,,,,,,33.0
468,CA,92545,2.0,1.0,,1.0,,1.0,,2.0,1.0,7.0,2.0,47.0,4.0,,,,,,,,,,68.0
469,CA,92548,1.0,1.0,1.0,2.0,,,2.0,,1.0,,,2.0,,,,,,,,,,,10.0
470,CA,92549,3.0,,,,,,,,1.0,1.0,,9.0,,,,,,,,,,,14.0
471,CA,92551,4.0,2.0,,,1.0,,,,,1.0,,16.0,3.0,1.0,1.0,,,,,,,,29.0
472,CA,92553,1.0,1.0,,,,1.0,,,,,,18.0,1.0,,,,,,,,,,22.0
473,CA,92555,,,1.0,,,,,,,,,26.0,3.0,,,,,,,,,,30.0
474,CA,92557,,,,,,,,,,,,19.0,,,,,,,,,,,19.0
475,CA,92561,1.0,1.0,,,,,,,1.0,,,2.0,,,,,,,,,,,5.0
476,CA,92562,3.0,,,,,,,,,,,44.0,1.0,2.0,,,,,,,,,50.0
477,CA,92563,1.0,,,,,,,,,,,11.0,1.0,,,,,,,,,,13.0
478,CA,92567,,,,,,,,,,,,7.0,,,,,,,,,,,7.0
479,CA,92570,1.0,,,1.0,,1.0,1.0,,1.0,,1.0,6.0,,,,,,,,,,,12.0
480,CA,92571,,,,,,,,,,,,72.0,,1.0,,,,,,,,,73.0
481,CA,92582,,,,,,,,,,,,20.0,1.0,,,,4.0,,,,,,25.0
482,CA,92583,1.0,1.0,,,,,1.0,,,,,79.0,7.0,5.0,3.0,,,,,,,,97.0
483,CA,92584,,,,,,,,,,,,27.0,,,,,,,,,,,27.0
484,CA,92585,1.0,,,,,,,,,,,22.0,,,,,,,,,,,23.0
485,CA,92586,,,,,,,,,,,,21.0,,,,,,,,,,,21.0
486,CA,92587,,,,,,,,,,,,12.0,,,,,,,,,,,12.0
487,CA,92590,,,,,,,,,,,1.0,4.0,,,,,,,,,,,5.0
488,CA,92591,,,,,,,,,,,,12.0,,,,,,,,,,,12.0
489,CA,92592,1.0,,,,1.0,,,,,1.0,,33.0,,1.0,,,,,,,,,37.0
490,CA,92595,1.0,,,,,,,,,,,12.0,,,,,,,,,,,13.0
491,CA,92596,2.0,,1.0,,,1.0,,2.0,1.0,,,6.0,1.0,,,,,,,,,,14.0
492,CA,92602,,,,,,,,,,,,10.0,,,,,,,,,,,10.0
493,CA,92603,,,,,,,,1.0,,,,20.0,,,,,,,,,,,21.0
494,CA,92604,,,,,,,,,,,,20.0,,,,,,,,,,,20.0
495,CA,92606,,,,,,,,,,,,9.0,,,,,,,,,,,9.0
496,CA,92610,,,,,,,,,,,,9.0,,,,,,,,,,,9.0
497,CA,92612,,,,,,,,,,,,9.0,,,,,,,,,,,9.0
498,CA,92614,,,,,,,,,,,,18.0,,,,,,,,,,,18.0
500,CA,92618,,,,,,,,,,,,11.0,,,,,,,,,,,11.0
501,CA,92620,,,,,,,,,,,,31.0,,,,,,,,,,,31.0
502,CA,92624,3.0,,1.0,,,,,,,2.0,1.0,111.0,2.0,1.0,1.0,,,,,,,,122.0
503,CA,92625,,,,,,,,,,,3.0,54.0,,,,,,,,,,,57.0
504,CA,92626,,,,,,,,,,,,99.0,,1.0,,,,,,,,,100.0
505,CA,92627,1.0,,,,,,,,,,,29.0,,,,,,,,,,,30.0
506,CA,92629,1.0,,,,,1.0,,,,1.0,4.0,67.0,1.0,,,,,,,,,,75.0
507,CA,92630,3.0,1.0,,,,,,,,,1.0,53.0,1.0,,,,,,,,,,59.0
508,CA,92637,,,,,,,,,,,,7.0,,,,,,,,,,,7.0
509,CA,92646,,,,2.0,,2.0,6.0,4.0,5.0,3.0,3.0,772.0,11.0,3.0,4.0,,,,,,,,815.0
510,CA,92647,318.0,31.0,22.0,31.0,23.0,23.0,41.0,44.0,49.0,55.0,46.0,253.0,121.0,2.0,1.0,,,,,,,,1060.0
511,CA,92648,23.0,4.0,10.0,7.0,5.0,3.0,5.0,5.0,3.0,2.0,8.0,107.0,73.0,,,,,,,,,,255.0
512,CA,92649,109.0,18.0,19.0,28.0,18.0,17.0,16.0,15.0,27.0,28.0,36.0,501.0,217.0,14.0,1.0,,,,,,,,1064.0
513,CA,92651,19.0,2.0,5.0,1.0,2.0,2.0,4.0,3.0,3.0,8.0,47.0,225.0,1.0,,,,,,,,,,322.0
514,CA,92653,,,,,,,,,,,,24.0,,,,,,,,,,,24.0
516,CA,92656,,,,,,,,,,,1.0,18.0,,,,,,,,,,,19.0
517,CA,92657,,,,,,,,,,,4.0,27.0,,,,,,,,,,,31.0
518,CA,92660,5.0,,1.0,,3.0,1.0,,2.0,1.0,2.0,13.0,88.0,,,,,,,,,,,116.0
519,CA,92661,,,,,,2.0,,2.0,1.0,2.0,3.0,225.0,4.0,1.0,,,,,,,,,240.0
520,CA,92662,8.0,2.0,1.0,,,,1.0,2.0,7.0,17.0,15.0,190.0,42.0,9.0,,,,,,,,,294.0
521,CA,92663,1.0,1.0,1.0,,2.0,,1.0,1.0,2.0,2.0,1.0,362.0,8.0,3.0,1.0,,,,,,,,386.0
522,CA,92672,2.0,,,,,,,,,,4.0,49.0,,,,,,,,,,,55.0
523,CA,92673,,,,,,,,,,,1.0,32.0,,,,,,,,,,,33.0
524,CA,92675,5.0,,,1.0,,,1.0,,1.0,2.0,2.0,108.0,19.0,13.0,1.0,,,,,,,,153.0
525,CA,92676,4.0,2.0,,2.0,,2.0,1.0,,3.0,2.0,1.0,74.0,33.0,6.0,2.0,,1.0,,,,,,133.0
526,CA,92677,,,,1.0,1.0,,1.0,,2.0,,17.0,60.0,,,,,,,,,,,82.0
527,CA,92679,1.0,2.0,,1.0,2.0,1.0,,,,3.0,11.0,69.0,,,,,,,,,,,90.0
528,CA,92683,108.0,3.0,14.0,37.0,28.0,36.0,41.0,18.0,12.0,5.0,5.0,120.0,2.0,,,,,,,,,,429.0
529,CA,92688,,,,,,,,,,,,18.0,,,,,,,,,,,18.0
530,CA,92691,,,,,,,,1.0,,1.0,1.0,47.0,,,,,,,,,,,50.0
531,CA,92692,,,,,1.0,,,,,,,35.0,,,,,,,,,,,36.0
532,CA,92694,,,,,,,,,,,5.0,20.0,,,,,,,,,,,25.0
534,CA,92703,128.0,10.0,19.0,29.0,44.0,38.0,26.0,12.0,6.0,8.0,13.0,35.0,1.0,,,,,,,,,,369.0
535,CA,92704,42.0,4.0,7.0,11.0,13.0,14.0,13.0,5.0,10.0,4.0,6.0,64.0,,,,,,,,,,,193.0
536,CA,92705,,,,,,,,,,,5.0,55.0,,,,,,,,,,,60.0
537,CA,92706,31.0,3.0,1.0,,1.0,4.0,3.0,1.0,4.0,4.0,,54.0,,,,,,,,,,,106.0
538,CA,92707,,,,,,,,,,,,17.0,,,,,,,,,,,17.0
539,CA,92708,52.0,2.0,2.0,16.0,20.0,22.0,39.0,14.0,11.0,7.0,5.0,215.0,4.0,,,,,,,,,,409.0
540,CA,92780,,,,,,,,,,,,23.0,2.0,2.0,,,,,,,,,27.0
541,CA,92782,,,,,,,,,,,1.0,19.0,,,,,,,,,,,20.0
542,CA,92801,,,,,,,,,1.0,1.0,1.0,12.0,1.0,,,,,,,,,,16.0
543,CA,92802,,,,1.0,,,,,,,,4.0,,,,,,,,,,,5.0
544,CA,92804,,,,,1.0,3.0,4.0,3.0,1.0,2.0,4.0,27.0,12.0,1.0,1.0,,,,,,,,59.0
545,CA,92805,,,,,,,,,,,2.0,15.0,,,,,,,,,,,17.0
546,CA,92806,,,,1.0,1.0,,,,,,8.0,27.0,,,,,,,,,,,37.0
547,CA,92807,1.0,,,2.0,1.0,3.0,3.0,8.0,8.0,2.0,7.0,76.0,1.0,,,,,,,,,,112.0
548,CA,92808,,,,,,,1.0,,,,2.0,9.0,,,,,,,,,,,12.0
549,CA,92821,,,,,,,,,,,2.0,16.0,,,,,,,,,,,18.0
551,CA,92831,,,,1.0,,,,2.0,1.0,,1.0,20.0,,1.0,,,,,,,,,26.0
552,CA,92832,,1.0,,,3.0,2.0,,,,,2.0,7.0,,,,,,,,,,,15.0
553,CA,92833,3.0,,1.0,2.0,1.0,10.0,10.0,12.0,19.0,4.0,8.0,23.0,5.0,,,,,,,,,,98.0
554,CA,92835,,,,1.0,1.0,,,,,3.0,,23.0,1.0,,,,,,,,,,29.0
555,CA,92840,113.0,1.0,4.0,18.0,31.0,25.0,19.0,10.0,9.0,5.0,2.0,29.0,3.0,,,,,,,,,,269.0
556,CA,92841,,,1.0,,,,,,,,,18.0,,,,,,,,,,,19.0
557,CA,92843,156.0,6.0,19.0,22.0,29.0,43.0,27.0,24.0,12.0,6.0,2.0,41.0,2.0,,,,,,,,,,389.0
558,CA,92844,,,,,,,,,,,,7.0,,,,,,,,,,,7.0
559,CA,92845,,,,1.0,,,,,,,,51.0,1.0,,,,,,,,,,53.0
560,CA,92860,2.0,1.0,1.0,1.0,1.0,1.0,1.0,,,,,20.0,1.0,2.0,,,,,,,,,31.0
561,CA,92861,,,1.0,2.0,2.0,1.0,6.0,4.0,3.0,3.0,3.0,19.0,,,,,,,,,,,44.0
562,CA,92865,,,,,,,,,,,2.0,20.0,,,,,,,,,,,22.0
563,CA,92866,,,,,,,,,,,,11.0,,,,,,,,,,,11.0
564,CA,92867,,,,,,,,,1.0,,2.0,37.0,,,,,,,,,,,40.0
565,CA,92868,,,,,,,,,,,,8.0,,,,,,,,,,,8.0
566,CA,92869,2.0,,,,,,2.0,,1.0,,1.0,59.0,1.0,,,,,,,,,,66.0
567,CA,92870,29.0,1.0,,1.0,,,4.0,1.0,,1.0,,23.0,,,,,,,,,,,60.0
568,CA,92879,,,,,,,,,,,,8.0,,,,,,,,,,,8.0
569,CA,92880,,,,,,,,,,,,26.0,,,,,,,,,,,26.0
570,CA,92881,3.0,,,,,,1.0,,1.0,2.0,1.0,9.0,1.0,,,,,,,,,,18.0
571,CA,92882,,1.0,,,1.0,,,,,,2.0,19.0,5.0,1.0,,,,,,,,,29.0
572,CA,92883,,,,,,,,,,,,31.0,,,,,,,,,,,31.0
573,CA,92886,1.0,,,,1.0,1.0,,,,,4.0,40.0,,,,,,,,,,,47.0
574,CA,92887,1.0,,,,,,,,,,,33.0,,1.0,,,,,,,,,35.0
575,CA,93001,29.0,3.0,2.0,5.0,1.0,2.0,7.0,4.0,4.0,4.0,9.0,421.0,19.0,17.0,16.0,,,,,1.0,,,544.0
576,CA,93003,1.0,,1.0,,,1.0,,1.0,,,2.0,90.0,1.0,,,,,,,,,,97.0
577,CA,93004,,,,,,,,,,,1.0,27.0,,,,,,,,,,,28.0
578,CA,93010,3.0,,2.0,,1.0,,3.0,3.0,,,15.0,134.0,4.0,,,,,,,,,,165.0
579,CA,93012,3.0,,,,,,1.0,,1.0,1.0,4.0,237.0,19.0,6.0,,,,,,,,,272.0
580,CA,93013,35.0,6.0,7.0,9.0,5.0,2.0,3.0,3.0,5.0,4.0,3.0,246.0,16.0,8.0,6.0,2.0,,,,,,,360.0
581,CA,93015,4.0,1.0,,1.0,2.0,2.0,,1.0,3.0,1.0,1.0,91.0,3.0,1.0,,,,,,,,,111.0
582,CA,93021,3.0,,,,1.0,,,,,1.0,5.0,68.0,4.0,,1.0,,,,,,,,83.0
583,CA,93022,3.0,,,,1.0,1.0,,1.0,2.0,,3.0,48.0,12.0,6.0,,,,,,,,,77.0
584,CA,93023,16.0,5.0,2.0,3.0,6.0,11.0,3.0,1.0,4.0,6.0,9.0,238.0,47.0,11.0,6.0,2.0,,,,,,,370.0
585,CA,93030,,,,,,,,,,,1.0,19.0,,,,,,,,,,,20.0
586,CA,93033,1.0,,,,,,,,,,,14.0,1.0,,,,,,,,,,16.0
587,CA,93035,17.0,,,,1.0,,,,,5.0,,410.0,3.0,3.0,3.0,,,,,,,,442.0
588,CA,93036,,,,,,,,,,,1.0,113.0,,,,,,,,,,,114.0
589,CA,93040,1.0,,,,,,,,,,,27.0,,,,,,,,,,,28.0
590,CA,93041,,,,,,,,,,,,39.0,,,,,,,,,,,39.0
591,CA,93060,4.0,1.0,1.0,1.0,,2.0,,,2.0,,2.0,669.0,78.0,13.0,,,,,,,,,773.0
592,CA,93063,7.0,9.0,4.0,2.0,2.0,4.0,8.0,11.0,5.0,17.0,14.0,175.0,112.0,4.0,,,,,,,,,374.0
593,CA,93065,5.0,1.0,1.0,,,3.0,5.0,6.0,8.0,18.0,27.0,412.0,325.0,22.0,1.0,,,,,,,,834.0
594,CA,93066,6.0,,,,1.0,,,1.0,,,1.0,11.0,1.0,,,,,,,,,,21.0
595,CA,93067,,,,,,,,,,,,6.0,,,,,,,,,,,6.0
596,CA,93101,3.0,,,,,,,,,1.0,,70.0,50.0,37.0,,,,,,,,,161.0
597,CA,93103,6.0,1.0,1.0,4.0,2.0,2.0,,2.0,7.0,5.0,3.0,169.0,17.0,14.0,,,,,,,,,233.0
598,CA,93105,3.0,1.0,,,1.0,2.0,1.0,,,2.0,2.0,127.0,18.0,26.0,4.0,1.0,,1.0,,,,,189.0
599,CA,93108,58.0,4.0,3.0,4.0,3.0,3.0,9.0,7.0,6.0,6.0,3.0,612.0,37.0,14.0,8.0,1.0,,,,,,,778.0
600,CA,93109,,,,,,,1.0,,,,,23.0,,,,,,,,,,,24.0
601,CA,93110,1.0,,,,2.0,,,1.0,1.0,,1.0,78.0,39.0,5.0,,,,,,,,,128.0
602,CA,93111,,,,,,,,,,,,85.0,11.0,7.0,,,,,,,,,103.0
603,CA,93117,5.0,1.0,1.0,1.0,1.0,1.0,3.0,4.0,2.0,4.0,6.0,137.0,26.0,23.0,2.0,,,,,,,,217.0
604,CA,93203,2.0,,,,,1.0,1.0,2.0,3.0,9.0,20.0,773.0,90.0,34.0,1.0,,,,,,,,936.0
608,CA,93210,3.0,,,,,1.0,,1.0,2.0,1.0,2.0,39.0,9.0,,,,,,,,,,58.0
609,CA,93212,3.0,,,,2.0,,,,1.0,,2.0,11.0,,,,,,,,,,,19.0
610,CA,93215,2.0,,1.0,,,1.0,,4.0,,,,5.0,,,,,,,,,,,13.0
611,CA,93219,2.0,,1.0,1.0,,5.0,8.0,10.0,2.0,1.0,,18.0,1.0,,,,,,,,,,49.0
612,CA,93221,3.0,,,2.0,,,,2.0,2.0,,1.0,18.0,2.0,,,,,,,,,,30.0
613,CA,93223,,,,3.0,3.0,6.0,12.0,11.0,20.0,26.0,33.0,156.0,6.0,,,,,,,,,,276.0
615,CA,93225,,,,,,,,,1.0,,2.0,19.0,5.0,1.0,,,,,,,,,28.0
616,CA,93230,5.0,,1.0,,,,,,1.0,,,36.0,,1.0,,,,,,,,,44.0
617,CA,93234,,,,,,,,,,,1.0,4.0,,,,,,,,,,,5.0
618,CA,93238,,,,,,,,1.0,,,,13.0,2.0,1.0,,,,,,,,,17.0
620,CA,93240,1.0,,1.0,,,,1.0,2.0,,2.0,1.0,19.0,,,,,,,,,,,27.0
621,CA,93241,1.0,2.0,2.0,14.0,47.0,113.0,59.0,17.0,5.0,5.0,6.0,561.0,,,,,,,,,,,832.0
622,CA,93242,2.0,1.0,,1.0,2.0,,1.0,3.0,,,1.0,36.0,,1.0,,,,,,,,,48.0
623,CA,93243,1.0,,,,,,1.0,1.0,,,1.0,4.0,,,,,,,,,,,8.0
625,CA,93245,14.0,3.0,1.0,1.0,1.0,1.0,1.0,,2.0,1.0,10.0,60.0,2.0,,,,,,,,,,97.0
626,CA,93247,5.0,2.0,14.0,34.0,51.0,66.0,25.0,15.0,2.0,3.0,6.0,164.0,9.0,2.0,,,,,,,,,398.0
627,CA,93250,10.0,,6.0,17.0,12.0,14.0,6.0,1.0,2.0,,2.0,30.0,,,,,,,,,,,100.0
629,CA,93254,,,,,,,,2.0,2.0,3.0,2.0,7.0,1.0,,,,,,,,,,17.0
631,CA,93256,17.0,1.0,2.0,2.0,3.0,6.0,2.0,3.0,2.0,5.0,1.0,5.0,,,,,,,,,,,49.0
632,CA,93257,9.0,,2.0,1.0,5.0,5.0,2.0,13.0,15.0,25.0,28.0,142.0,37.0,2.0,,,,,,,,,286.0
635,CA,93265,1.0,,,,,,,,,,,25.0,6.0,4.0,1.0,,,,,,,,37.0
636,CA,93266,1.0,,,,1.0,1.0,1.0,,1.0,,,2.0,,,,,,,,,,,7.0
637,CA,93267,,,2.0,3.0,4.0,5.0,5.0,8.0,3.0,2.0,1.0,19.0,3.0,,,,,,,,,,55.0
638,CA,93268,3.0,,,,1.0,,1.0,1.0,1.0,,1.0,7.0,,,,,,,,,,,15.0
639,CA,93270,5.0,1.0,,,,1.0,1.0,,,,,6.0,,,,,,,,,,,14.0
640,CA,93271,,,,,1.0,,,1.0,,,,46.0,4.0,1.0,2.0,,,,,,,,55.0
641,CA,93272,3.0,,,,,1.0,,,1.0,1.0,1.0,3.0,,1.0,,,,,,,,,11.0
642,CA,93274,9.0,,,,,1.0,1.0,5.0,4.0,2.0,2.0,28.0,4.0,3.0,,,,,,,,,59.0
643,CA,93277,12.0,2.0,2.0,1.0,5.0,8.0,11.0,12.0,10.0,6.0,5.0,294.0,29.0,1.0,,,,,,,,,398.0
644,CA,93280,10.0,1.0,,1.0,1.0,1.0,,2.0,,,,4.0,,,,,,,,,,,20.0
645,CA,93283,3.0,1.0,,,2.0,1.0,2.0,6.0,1.0,3.0,3.0,9.0,2.0,,,,,,,,,,33.0
646,CA,93285,1.0,,,,,1.0,1.0,2.0,,3.0,1.0,7.0,1.0,,,,,,,,,,17.0
647,CA,93286,6.0,1.0,,1.0,1.0,6.0,,3.0,10.0,9.0,6.0,92.0,16.0,4.0,,,,,,,,,155.0
648,CA,93291,61.0,8.0,10.0,16.0,18.0,46.0,37.0,37.0,40.0,43.0,91.0,1428.0,4.0,,,,,,,,,,1839.0
649,CA,93292,30.0,4.0,9.0,18.0,19.0,28.0,18.0,39.0,24.0,20.0,30.0,950.0,6.0,1.0,,,,,,,,,1196.0
650,CA,93301,,,,,,,,,,,1.0,18.0,,,,,,,,,,,19.0
651,CA,93304,,,,,,,,,,,,27.0,,,,,,,,,,,27.0
652,CA,93305,9.0,2.0,2.0,2.0,3.0,1.0,,,3.0,,2.0,1.0,,,,,,,,,,,25.0
653,CA,93306,,,,,,,1.0,2.0,,,7.0,13.0,,,,,,,,,,,23.0
654,CA,93307,4.0,,1.0,10.0,22.0,17.0,18.0,11.0,11.0,3.0,2.0,97.0,2.0,,,,,,,,,,198.0
655,CA,93308,5.0,,,1.0,,1.0,2.0,2.0,,,3.0,67.0,8.0,2.0,1.0,,,,,,,,92.0
656,CA,93309,,,,,,,,,,,,75.0,,,,,,,,,,,75.0
657,CA,93311,,,,,,,,1.0,1.0,1.0,1.0,133.0,,,,,,,,,,,137.0
658,CA,93312,1.0,,,,,,,,,,,113.0,,,,,,,,,,,114.0
659,CA,93313,1.0,1.0,,,,,,2.0,2.0,,,37.0,,,,,,,,,,,43.0
660,CA,93314,,,,,,,,,,,,84.0,,,,,,,,,,,84.0
661,CA,93401,11.0,1.0,1.0,1.0,,,3.0,1.0,,2.0,3.0,131.0,36.0,3.0,1.0,1.0,,,,,,,195.0
662,CA,93402,1.0,,,,,,,,,,2.0,44.0,,,,,,,,,,,47.0
663,CA,93405,5.0,2.0,,,,1.0,,1.0,2.0,,3.0,144.0,30.0,7.0,1.0,,,,,,,,196.0
664,CA,93420,3.0,,,,,2.0,1.0,1.0,1.0,2.0,1.0,103.0,12.0,4.0,1.0,,,,,,,,131.0
665,CA,93422,,1.0,1.0,,,,,,,,2.0,86.0,6.0,7.0,3.0,,,,,,,,106.0
666,CA,93426,,,,,,,,,,,,8.0,1.0,,,,,,,,,,9.0
667,CA,93427,1.0,,,,,1.0,,1.0,,,,10.0,,1.0,1.0,,,,,,,,15.0
668,CA,93428,,,,,,,,,,1.0,4.0,64.0,,1.0,,,,,,,,,70.0
669,CA,93430,,,,,1.0,1.0,,,,,,74.0,4.0,,,,,,,,,,80.0
671,CA,93433,,,,,,,,,,,,19.0,1.0,,,,,,,,,,20.0
673,CA,93436,3.0,,1.0,1.0,1.0,,2.0,2.0,1.0,1.0,,63.0,,1.0,,,,,,,,,76.0
674,CA,93440,,,,,,,,,,,,7.0,6.0,2.0,1.0,,,,,,,,16.0
675,CA,93441,1.0,,1.0,,,,,,,,,3.0,,,,,,,,,,,5.0
676,CA,93442,10.0,,2.0,1.0,1.0,,2.0,2.0,3.0,2.0,8.0,93.0,4.0,1.0,,1.0,,,,,,,130.0
677,CA,93444,8.0,,,,,,,,,,,79.0,1.0,1.0,,,,,,,,,89.0
678,CA,93445,7.0,1.0,1.0,,1.0,,,,2.0,,1.0,47.0,8.0,3.0,,1.0,,,,,,,72.0
679,CA,93446,1.0,1.0,1.0,,,,,,,2.0,2.0,66.0,3.0,5.0,2.0,1.0,,,,,,,84.0
680,CA,93449,,,,,,,,,,,,51.0,2.0,1.0,,,,,,,,,54.0
682,CA,93451,,,,1.0,,,,,,1.0,,6.0,2.0,,,,,,,,,,10.0
683,CA,93453,3.0,,,,2.0,2.0,,1.0,,1.0,1.0,38.0,9.0,3.0,,,,,,,,,60.0
684,CA,93454,3.0,,1.0,,,,,1.0,,2.0,6.0,83.0,11.0,2.0,,,,,,,,,109.0
685,CA,93455,4.0,1.0,,,,,,1.0,,1.0,2.0,49.0,1.0,,,,,,,,,,59.0
686,CA,93458,9.0,,,,,,,1.0,1.0,2.0,5.0,35.0,,,,,,,,,,,53.0
687,CA,93460,1.0,,,2.0,2.0,1.0,1.0,,1.0,2.0,,26.0,3.0,1.0,,4.0,1.0,,,,,,45.0
688,CA,93463,,,,,,,,,,,,35.0,3.0,2.0,2.0,1.0,,,,,,,43.0
689,CA,93465,1.0,,,,,,,,,,,25.0,1.0,2.0,,,,,,,,,29.0
690,CA,93501,1.0,,,,1.0,7.0,7.0,12.0,10.0,2.0,3.0,50.0,,,,,,,,,,,93.0
691,CA,93505,2.0,,,1.0,2.0,1.0,,1.0,2.0,2.0,2.0,28.0,13.0,1.0,,,,,,,,,55.0
692,CA,93510,2.0,,,,,,1.0,,,1.0,,16.0,15.0,8.0,,1.0,,,,,,,44.0
694,CA,93514,1.0,,,,,,,,2.0,1.0,1.0,79.0,2.0,,,,,,,,,,86.0
695,CA,93516,1.0,,,,,,,2.0,2.0,1.0,7.0,16.0,5.0,,,,,,,,,,34.0
697,CA,93518,,,,,,,1.0,,,,,4.0,1.0,,,,,,,,,,6.0
699,CA,93523,3.0,,,2.0,,1.0,1.0,7.0,6.0,6.0,11.0,12.0,,,,,,,,,,,49.0
700,CA,93526,,,,,,,,,,,,5.0,,,,,,,,,,,5.0
701,CA,93527,6.0,1.0,,,1.0,1.0,,2.0,1.0,,,16.0,,,,,,,,,,,28.0
702,CA,93529,2.0,,,,,,,,,1.0,,6.0,1.0,1.0,1.0,,,,,,,,12.0
704,CA,93532,1.0,,,,1.0,,,1.0,1.0,1.0,4.0,28.0,7.0,1.0,,,,,,,,,45.0
705,CA,93534,,,,,,,,,,,,13.0,,1.0,,,,,,,,,14.0
706,CA,93535,11.0,1.0,1.0,2.0,2.0,2.0,,3.0,5.0,4.0,2.0,21.0,1.0,,,,,,,,,,55.0
707,CA,93536,2.0,1.0,1.0,2.0,,1.0,2.0,2.0,2.0,2.0,3.0,71.0,,,,,,,,,,,89.0
708,CA,93543,1.0,,,,,,,,,,,5.0,,,,,,,,,,,6.0
709,CA,93544,,,,,,1.0,2.0,,1.0,1.0,,3.0,,,,,,,,,,,8.0
711,CA,93546,2.0,,,,,,,,,,1.0,12.0,,,,,,,,,,,15.0
712,CA,93550,2.0,1.0,,,2.0,3.0,,1.0,4.0,1.0,2.0,18.0,,1.0,,,,,,,,,35.0
713,CA,93551,,,,,,,,,,,,74.0,1.0,,,,,,,,,,75.0
715,CA,93553,,,,,,,,,,1.0,,5.0,,,,,,,,,,,6.0
716,CA,93555,15.0,2.0,5.0,3.0,2.0,2.0,5.0,7.0,9.0,1.0,2.0,69.0,1.0,,,,,,,,,,123.0
717,CA,93560,18.0,6.0,14.0,16.0,15.0,12.0,16.0,35.0,35.0,59.0,43.0,117.0,76.0,6.0,,,,,,,,,468.0
718,CA,93561,6.0,1.0,1.0,2.0,1.0,2.0,3.0,2.0,2.0,2.0,6.0,68.0,3.0,,,,,,,,,,99.0
721,CA,93591,2.0,,1.0,2.0,,1.0,,1.0,,2.0,,6.0,,,,,,,,,,,15.0
725,CA,93610,20.0,2.0,1.0,,,,1.0,3.0,,4.0,5.0,17.0,1.0,,,,,,,,,,54.0
726,CA,93611,2.0,,,,,,,,,,,41.0,,,,,,,,,,,43.0
727,CA,93612,,,,,,,,,,1.0,,10.0,,,,,,,,,,,11.0
728,CA,93614,,,1.0,,,,,,,,,8.0,2.0,,,,,,,,,,11.0
729,CA,93615,2.0,,7.0,5.0,12.0,9.0,4.0,1.0,2.0,2.0,1.0,45.0,,,,,,,,,,,90.0
730,CA,93618,24.0,3.0,5.0,5.0,25.0,18.0,38.0,11.0,6.0,8.0,7.0,277.0,,,,,,,,,,,427.0
731,CA,93619,17.0,8.0,2.0,2.0,1.0,7.0,9.0,3.0,4.0,3.0,5.0,158.0,3.0,5.0,,,,,,,,,227.0
732,CA,93620,4.0,,1.0,,1.0,1.0,,,1.0,,3.0,10.0,1.0,,,,,,,,,,22.0
733,CA,93622,13.0,4.0,3.0,13.0,20.0,15.0,22.0,17.0,18.0,7.0,3.0,53.0,,,,,,,,,,,188.0
734,CA,93625,5.0,1.0,1.0,1.0,,,,,3.0,,1.0,3.0,,,,,,,,,,,15.0
735,CA,93626,,,,,,,,,,,,4.0,6.0,,,,,,,,,,10.0
738,CA,93631,9.0,,2.0,1.0,6.0,2.0,1.0,2.0,2.0,1.0,1.0,25.0,1.0,2.0,,,,,,,,,55.0
739,CA,93635,1.0,,,,1.0,1.0,,,1.0,1.0,,17.0,,,,,,,,,,,22.0
740,CA,93636,5.0,1.0,5.0,,1.0,1.0,4.0,2.0,3.0,3.0,4.0,51.0,13.0,,1.0,,,,,,,,94.0
741,CA,93637,3.0,,2.0,4.0,1.0,10.0,5.0,7.0,20.0,23.0,24.0,142.0,6.0,,,,,,,,,,247.0
742,CA,93638,8.0,1.0,2.0,1.0,2.0,,3.0,1.0,5.0,8.0,6.0,88.0,12.0,,,,,,,,,,137.0
743,CA,93640,1.0,2.0,1.0,1.0,,1.0,2.0,,,,1.0,12.0,,,,,,,,,,,21.0
744,CA,93644,2.0,,,,,,,,,,,16.0,,1.0,1.0,,,,,,,,20.0
745,CA,93646,8.0,,,1.0,,1.0,3.0,3.0,1.0,4.0,,34.0,,,,,,,,,,,55.0
746,CA,93647,,,1.0,,2.0,1.0,2.0,,1.0,,,15.0,,,,,,,,,,,22.0
747,CA,93648,2.0,,,,,,,,1.0,,,2.0,,,,,,,,,,,5.0
750,CA,93654,4.0,1.0,,,,,,1.0,,2.0,2.0,15.0,1.0,,1.0,,,,,,,,27.0
751,CA,93656,2.0,,,,,2.0,1.0,,1.0,,1.0,46.0,,,,,,,,,,,53.0
752,CA,93657,13.0,2.0,4.0,4.0,5.0,8.0,4.0,4.0,9.0,2.0,5.0,82.0,17.0,11.0,1.0,,,,,,,,171.0
759,CA,93703,,,,,,,,,,,,8.0,1.0,,,,,,,,,,9.0
760,CA,93704,,,,,,,,,,,,23.0,,,,,,,,,,,23.0
762,CA,93706,,1.0,,2.0,,,,1.0,,,,4.0,,,,,,,,,,,8.0
763,CA,93710,,,,,,,,,,,,12.0,,,,,,,,,,,12.0
764,CA,93711,1.0,,,,1.0,,,,,,,34.0,,,,,,,,,,,36.0
765,CA,93720,,,,,,,,,,,,39.0,,1.0,,,,,,,,,40.0
767,CA,93722,,,,,,,,,,,,23.0,,,,,,,,,,,23.0
768,CA,93723,,,,,,,,,,,,9.0,,,,,,,,,,,9.0
769,CA,93725,,,,,,,2.0,,,1.0,,6.0,,,,,,,,,,,9.0
770,CA,93726,1.0,,,,,1.0,,,,,,12.0,,,,,,,,,,,14.0
771,CA,93727,,,,,,1.0,,,,,,22.0,,,,,,,,,,,23.0
772,CA,93728,,,,1.0,,,,,,,,4.0,,,,,,,,,,,5.0
773,CA,93730,1.0,,,,1.0,,,,,,,22.0,,,,,,,,,,,24.0
774,CA,93737,1.0,,,,,,,,1.0,,,6.0,,,,,,,,,,,8.0
775,CA,93901,,,,,,,,1.0,1.0,2.0,5.0,57.0,1.0,,,,,,,,,,67.0
776,CA,93905,2.0,,,,,,,,,,2.0,31.0,1.0,1.0,,,,,,,,,37.0
777,CA,93906,11.0,3.0,1.0,1.0,2.0,,,1.0,,1.0,,37.0,2.0,,,,,,,,,,59.0
778,CA,93907,2.0,,1.0,1.0,,,,,1.0,,2.0,34.0,5.0,2.0,,1.0,,,,,,,49.0
779,CA,93908,5.0,2.0,,,1.0,1.0,,,2.0,,,89.0,4.0,,,,,,,,,,104.0
780,CA,93920,3.0,,,,,,,,,,,7.0,1.0,,,,,,,,,,11.0
781,CA,93923,22.0,2.0,1.0,1.0,2.0,3.0,3.0,1.0,1.0,6.0,20.0,159.0,66.0,41.0,21.0,2.0,3.0,2.0,,,2.0,2.0,360.0
782,CA,93924,6.0,,1.0,,,,,,1.0,1.0,1.0,91.0,35.0,22.0,6.0,1.0,1.0,1.0,,,,1.0,168.0
783,CA,93925,1.0,,,,,,,,,,,7.0,2.0,1.0,,,,,,,,,11.0
784,CA,93926,,,,,,,1.0,,,1.0,,7.0,,,,,,,,,,,9.0
785,CA,93927,,,1.0,,,,,,1.0,1.0,,10.0,2.0,1.0,,,,,,,,,16.0
786,CA,93930,1.0,,,,,1.0,,,,,,13.0,3.0,6.0,,,,,,,,,24.0
787,CA,93933,4.0,,,,,1.0,1.0,1.0,,,,22.0,4.0,1.0,,,,,,,,,34.0
788,CA,93940,,,,,,,,,,2.0,9.0,41.0,1.0,,,,,,,,,,53.0
789,CA,93950,,,,,,,,,,2.0,5.0,24.0,,,,,,,,,,,31.0
790,CA,93953,,,1.0,,,,,,,11.0,16.0,27.0,,,,,,,,,,,55.0
791,CA,93955,,,,,,,,,,1.0,,10.0,,,,,,,,,,,11.0
792,CA,93960,2.0,,,,1.0,,,,,,,7.0,,,,,,,,,,,10.0
794,CA,94002,1.0,1.0,,,,,,,,,6.0,32.0,3.0,1.0,,,,,,,,,44.0
795,CA,94005,,,,,,,,,,,,6.0,,,,,,,,,,,6.0
796,CA,94010,3.0,1.0,1.0,2.0,,2.0,1.0,3.0,2.0,7.0,4.0,143.0,65.0,23.0,1.0,,,,,,,,258.0
798,CA,94015,,,,,,,,,,,3.0,17.0,,,,,,,,,,,20.0
799,CA,94019,6.0,1.0,,,,,,1.0,,,3.0,98.0,1.0,,,,,,,,,,110.0
800,CA,94020,3.0,,,,,,,,,1.0,,14.0,1.0,2.0,,,,,,,,,21.0
802,CA,94022,8.0,1.0,1.0,1.0,,1.0,,2.0,,1.0,5.0,56.0,6.0,2.0,,,,,,,,,84.0
803,CA,94024,5.0,1.0,,,2.0,6.0,4.0,2.0,5.0,2.0,8.0,51.0,7.0,8.0,1.0,,,,,,,,102.0
804,CA,94025,98.0,4.0,6.0,14.0,13.0,21.0,22.0,22.0,27.0,23.0,17.0,342.0,40.0,12.0,1.0,,,,,,,,662.0
805,CA,94027,,1.0,,,,,,,,1.0,1.0,52.0,,,,,,,,,,,55.0
806,CA,94028,7.0,,,,1.0,,,1.0,,1.0,3.0,27.0,1.0,,,,,,,,,,41.0
807,CA,94030,,,,1.0,,,,,,1.0,2.0,93.0,17.0,8.0,,,,,,,,,122.0
808,CA,94037,2.0,,,,,1.0,,,,,2.0,8.0,,,,,,,,,,,13.0
809,CA,94038,1.0,,,,,1.0,1.0,,,,1.0,14.0,,,,,,,,,,,18.0
810,CA,94040,3.0,,,2.0,,2.0,1.0,6.0,4.0,1.0,,65.0,,,,,,,,,,,84.0
811,CA,94041,,,,1.0,,1.0,,,1.0,,,11.0,,,,,,,,,,,14.0
812,CA,94043,2.0,2.0,,,,2.0,6.0,14.0,14.0,8.0,1.0,71.0,1.0,,,,,,,,,,121.0
813,CA,94044,6.0,,,,2.0,2.0,1.0,,2.0,3.0,6.0,120.0,99.0,34.0,1.0,,,,,,,,276.0
814,CA,94060,1.0,,,,,,,,,,,26.0,8.0,12.0,5.0,1.0,1.0,,,,,1.0,55.0
815,CA,94061,,,,,,,,,,,2.0,32.0,,,,,,,,,,,34.0
816,CA,94062,2.0,,1.0,2.0,,,1.0,,,,11.0,64.0,,,,,,,,,,,81.0
817,CA,94063,3.0,1.0,,,,,,1.0,,,,159.0,2.0,,,,,,,,,,166.0
818,CA,94065,,,,,,,,,,,,62.0,,,,,,,,,,,62.0
819,CA,94066,1.0,,1.0,,3.0,,2.0,,,3.0,1.0,145.0,4.0,,,,,,,,,,160.0
820,CA,94070,13.0,1.0,3.0,1.0,,1.0,,,3.0,1.0,4.0,73.0,3.0,,,,,,,,,,103.0
821,CA,94074,1.0,,,,,,,,,,,3.0,,2.0,,,,,,,,,6.0
822,CA,94080,1.0,2.0,2.0,3.0,1.0,,2.0,1.0,2.0,5.0,7.0,64.0,12.0,9.0,,,,,,,,,111.0
823,CA,94085,22.0,4.0,1.0,,1.0,1.0,1.0,1.0,1.0,2.0,4.0,23.0,2.0,,,,,,,,,,63.0
824,CA,94086,1.0,1.0,,,1.0,1.0,6.0,2.0,3.0,,3.0,30.0,,,,,,,,,,,48.0
825,CA,94087,2.0,,,1.0,,2.0,2.0,1.0,1.0,2.0,3.0,58.0,1.0,,,,,,,,,,73.0
826,CA,94089,59.0,5.0,4.0,7.0,4.0,3.0,2.0,4.0,9.0,3.0,2.0,30.0,5.0,,,,,,,,,,137.0
829,CA,94110,,,1.0,,,,,,1.0,,1.0,5.0,,,,,,,,,,,8.0
830,CA,94112,,,,,,,,,,,,8.0,,,,,,,,,,,8.0
831,CA,94114,1.0,,,,,,,,,,1.0,5.0,,,,,,,,,,,7.0
832,CA,94115,,,,,,,,,,,,12.0,,,,,,,,,,,12.0
833,CA,94116,,,,,,,,,,,,15.0,,,,,,,,,,,15.0
835,CA,94118,,,,,,,,,1.0,,,7.0,,,,,,,,,,,8.0
836,CA,94121,,,,1.0,,,,,,1.0,,5.0,,,,,,,,,,,7.0
837,CA,94122,,,,,,,1.0,,,1.0,,13.0,,,,,,,,,,,15.0
838,CA,94123,,,1.0,,,,,,,,,14.0,,,,,,,,,,,15.0
840,CA,94127,,,,1.0,,,,,,1.0,1.0,10.0,,,,,,,,,,,13.0
841,CA,94131,,,,,,,,,,,3.0,4.0,,,,,,,,,,,7.0
844,CA,94301,16.0,1.0,5.0,2.0,4.0,2.0,6.0,9.0,20.0,26.0,22.0,274.0,214.0,40.0,1.0,,,,,,,,642.0
845,CA,94303,370.0,55.0,59.0,53.0,37.0,65.0,46.0,60.0,73.0,91.0,101.0,890.0,254.0,53.0,2.0,,,,,,,,2209.0
846,CA,94304,,,,,,,,,,,2.0,3.0,,,,,,,,,,,5.0
847,CA,94306,1.0,2.0,,2.0,1.0,,1.0,1.0,,,5.0,126.0,1.0,1.0,,,,,,,,,141.0
848,CA,94401,45.0,3.0,6.0,3.0,6.0,2.0,4.0,3.0,6.0,9.0,9.0,162.0,159.0,144.0,13.0,4.0,1.0,,,,,,579.0
849,CA,94402,1.0,,,,,,,1.0,,1.0,2.0,53.0,1.0,,,,,,,,,,59.0
850,CA,94403,,,,,,,1.0,2.0,,2.0,5.0,205.0,9.0,1.0,,,,,,,,,225.0
851,CA,94404,2.0,1.0,1.0,,,2.0,1.0,,1.0,1.0,,223.0,3.0,,,,,,,,,,235.0
852,CA,94501,1.0,,,,,,,,,2.0,1.0,312.0,,,,,,,,,,,316.0
853,CA,94502,,,,,1.0,1.0,1.0,1.0,,1.0,,504.0,4.0,,,,,,,,,,513.0
854,CA,94503,,,,,,,,,,,1.0,15.0,,,,,,,,,,,16.0
855,CA,94505,,,,,,,,,1.0,,,70.0,,1.0,1.0,,,,,,,,73.0
856,CA,94506,2.0,1.0,,1.0,1.0,1.0,,,1.0,,1.0,30.0,1.0,1.0,,,,,,,,,40.0
857,CA,94507,9.0,1.0,2.0,2.0,2.0,,1.0,1.0,2.0,2.0,4.0,52.0,2.0,1.0,,,,,,,,,81.0
859,CA,94509,15.0,,,,2.0,1.0,1.0,1.0,1.0,,,39.0,3.0,,,,,,,,,,63.0
860,CA,94510,,,,,,,,,,,3.0,26.0,,,,,,,,,,,29.0
861,CA,94511,61.0,11.0,9.0,14.0,9.0,11.0,10.0,16.0,7.0,8.0,11.0,67.0,6.0,,,1.0,,,,,,,241.0
862,CA,94513,4.0,,1.0,,2.0,,,1.0,,1.0,1.0,55.0,5.0,,,,,,,,,,70.0
863,CA,94514,,,,,,,,,,,1.0,20.0,,,,,,,,,,,21.0
864,CA,94515,2.0,,,,,,1.0,,,,,52.0,9.0,4.0,4.0,2.0,,1.0,,1.0,,,76.0
865,CA,94517,1.0,1.0,1.0,1.0,,,,1.0,,,,27.0,19.0,3.0,1.0,,,,,,,,55.0
866,CA,94518,7.0,3.0,1.0,,1.0,4.0,4.0,6.0,10.0,9.0,8.0,44.0,5.0,,,,,,,,,,102.0
867,CA,94519,2.0,,,,1.0,1.0,,2.0,1.0,,2.0,33.0,16.0,2.0,,,,,,,,,60.0
868,CA,94520,,,,,,,,,,,1.0,11.0,2.0,,,,,,,,,,14.0
869,CA,94521,12.0,2.0,4.0,5.0,4.0,5.0,3.0,3.0,2.0,2.0,3.0,68.0,5.0,,,,,,,,,,118.0
870,CA,94523,35.0,2.0,,1.0,2.0,1.0,6.0,3.0,5.0,6.0,7.0,113.0,60.0,41.0,1.0,,,,,,,,283.0
872,CA,94526,3.0,,3.0,,,,2.0,1.0,,2.0,,77.0,10.0,6.0,,,,,,,,,104.0
873,CA,94528,1.0,,,,,,,,,,,10.0,,,,,,,,,,,11.0
874,CA,94530,8.0,1.0,,,,,,,,,7.0,22.0,,,,,,,,,,,38.0
875,CA,94531,,,,,,,,,,,4.0,8.0,,,,,,,,,,,12.0
876,CA,94533,,,2.0,1.0,2.0,,1.0,4.0,7.0,3.0,1.0,79.0,2.0,,,,,,,,,,102.0
877,CA,94534,12.0,3.0,1.0,1.0,1.0,,,3.0,7.0,6.0,8.0,120.0,14.0,6.0,,,,,,,,,182.0
878,CA,94536,,,,,,,,,,1.0,2.0,43.0,,,1.0,,,,,,,,47.0
879,CA,94538,51.0,5.0,2.0,2.0,3.0,3.0,3.0,4.0,8.0,8.0,7.0,39.0,1.0,,,,,,,,,,136.0
880,CA,94539,1.0,,,,,,,,,,,29.0,,,,,,,,,,,30.0
881,CA,94541,6.0,1.0,1.0,1.0,3.0,4.0,8.0,4.0,1.0,2.0,5.0,64.0,8.0,2.0,,,,,,,,,110.0
882,CA,94542,,,,,,,,,,1.0,3.0,2.0,,,,,,,,,,,6.0
883,CA,94544,15.0,5.0,3.0,9.0,1.0,9.0,9.0,8.0,4.0,1.0,1.0,47.0,2.0,1.0,,,,,,,,,115.0
884,CA,94545,1.0,,,,,,1.0,,,1.0,,25.0,,1.0,,,,,,,,,29.0
885,CA,94546,27.0,2.0,2.0,3.0,3.0,3.0,,2.0,2.0,2.0,3.0,83.0,10.0,1.0,,,,,,,,,143.0
886,CA,94547,,,,,,,,,,,1.0,13.0,,,,,,,,,,,14.0
888,CA,94549,1.0,,2.0,,2.0,1.0,1.0,,3.0,,1.0,96.0,15.0,8.0,,,1.0,,,,,,131.0
889,CA,94550,,,,,,,,,,,,46.0,1.0,,,,,,,,,,47.0
890,CA,94551,2.0,,,,,,,,,,,25.0,,,,,,,,,,,27.0
891,CA,94552,,,,,,,1.0,,,1.0,1.0,5.0,,,,,,,,,,,8.0
892,CA,94553,10.0,3.0,5.0,2.0,3.0,3.0,6.0,15.0,13.0,20.0,13.0,153.0,103.0,56.0,,,,,,,,,405.0
893,CA,94555,1.0,,,,,,,,,,,27.0,,,,,,,,,,,28.0
894,CA,94556,,,,,,,,,1.0,,2.0,35.0,,,,,,,,,,,38.0
895,CA,94558,24.0,3.0,2.0,3.0,7.0,8.0,7.0,5.0,8.0,9.0,8.0,241.0,90.0,46.0,15.0,,1.0,1.0,,,,2.0,480.0
896,CA,94559,17.0,1.0,2.0,3.0,4.0,1.0,3.0,2.0,2.0,5.0,7.0,146.0,52.0,21.0,3.0,,,,,,,,269.0
897,CA,94560,7.0,1.0,,5.0,1.0,,3.0,2.0,1.0,1.0,1.0,36.0,,,,,,,,,,,58.0
898,CA,94561,37.0,4.0,10.0,6.0,5.0,3.0,5.0,4.0,3.0,8.0,9.0,130.0,8.0,,,,,,,,,,232.0
899,CA,94563,8.0,,1.0,1.0,,,,1.0,,,3.0,60.0,1.0,2.0,1.0,,,,,,,,78.0
900,CA,94564,,,,,,,,,,,,12.0,,,,,,,,,,,12.0
901,CA,94565,4.0,,,,,,,1.0,,,2.0,54.0,1.0,,,,,,,,,,62.0
902,CA,94566,1.0,,,1.0,,,,,,,,48.0,,,,,,,,,,,50.0
904,CA,94568,5.0,,,,1.0,,1.0,2.0,,,,24.0,6.0,2.0,,,,,,,,,41.0
905,CA,94569,5.0,,3.0,,,,,,,,1.0,5.0,,,,,,,,,,,14.0
906,CA,94571,14.0,,1.0,2.0,2.0,1.0,1.0,1.0,3.0,1.0,6.0,53.0,,,,,,,,,,,85.0
907,CA,94572,13.0,3.0,2.0,5.0,,2.0,5.0,2.0,,3.0,3.0,14.0,3.0,,,,,,,,,,55.0
908,CA,94574,15.0,,1.0,1.0,1.0,3.0,,,1.0,2.0,1.0,70.0,16.0,7.0,1.0,2.0,,,,1.0,,,122.0
909,CA,94577,3.0,,,,,1.0,3.0,2.0,2.0,1.0,2.0,246.0,3.0,,,,,,,,,,263.0
910,CA,94578,2.0,,,,,,1.0,2.0,7.0,11.0,2.0,33.0,,,,,,,,,,,58.0
911,CA,94579,137.0,22.0,17.0,16.0,11.0,14.0,10.0,7.0,8.0,15.0,22.0,199.0,35.0,1.0,,,,,,,,,514.0
912,CA,94580,10.0,1.0,3.0,6.0,3.0,21.0,28.0,43.0,27.0,22.0,24.0,353.0,12.0,,,,,,,,,,553.0
913,CA,94582,,,,,,,,,,,1.0,8.0,,,,,,,,,,,9.0
914,CA,94583,6.0,,,,,1.0,2.0,,1.0,1.0,1.0,32.0,3.0,,,,,,,,,,47.0
915,CA,94585,19.0,2.0,2.0,1.0,3.0,3.0,2.0,5.0,1.0,5.0,5.0,101.0,120.0,31.0,6.0,,,,,,,,306.0
917,CA,94587,9.0,,1.0,1.0,,2.0,2.0,1.0,,,5.0,56.0,4.0,,,,,,,,,,81.0
918,CA,94588,,1.0,1.0,1.0,,,,1.0,1.0,1.0,1.0,46.0,1.0,,1.0,,,,,,,,55.0
919,CA,94589,1.0,,,,1.0,,,,,,,20.0,,,,,,,,,,,22.0
920,CA,94590,19.0,,,,2.0,,2.0,,1.0,3.0,2.0,39.0,5.0,,,,,,,,,,73.0
921,CA,94591,26.0,4.0,2.0,10.0,3.0,2.0,3.0,2.0,2.0,1.0,3.0,128.0,6.0,,,,,,,,,,192.0
923,CA,94595,1.0,1.0,1.0,1.0,,,1.0,,,,,91.0,28.0,5.0,2.0,,,,,,,,131.0
924,CA,94596,15.0,3.0,2.0,1.0,1.0,,2.0,1.0,3.0,2.0,3.0,58.0,16.0,2.0,1.0,,,,,,,,110.0
925,CA,94597,7.0,,1.0,,2.0,,,,,1.0,,23.0,2.0,,,,,,,,,,36.0
926,CA,94598,1.0,,,,1.0,1.0,,,,,,40.0,,,,,,,,,,,43.0
927,CA,94599,2.0,,,,,1.0,,1.0,,,,25.0,4.0,,,,,,,,,,33.0
928,CA,94601,7.0,1.0,1.0,,,,,,,,,17.0,1.0,,,,,,,,,,27.0
929,CA,94602,5.0,,,,,,,,,1.0,5.0,25.0,,,,,,,,,,,36.0
930,CA,94603,2.0,,1.0,,,,,,,,,9.0,,,,,,,,,,,12.0
931,CA,94605,4.0,,,,1.0,,,1.0,,,1.0,18.0,2.0,,,,,,,,,,27.0
933,CA,94607,,,,,,,,,,,,8.0,,,,,,,,,,,8.0
934,CA,94608,1.0,,,,,,,,,,3.0,9.0,,,,,,,,,,,13.0
935,CA,94609,,,,,,,,,,,,8.0,,,,,,,,,,,8.0
936,CA,94610,,,,,,,,,,1.0,1.0,16.0,,,,,,,,,,,18.0
937,CA,94611,16.0,,1.0,1.0,1.0,1.0,1.0,1.0,,3.0,16.0,50.0,1.0,1.0,,,,,,,,,93.0
939,CA,94618,,,,,,,,,,,2.0,21.0,,,,,,,,,,,23.0
940,CA,94619,3.0,,,,,,,,,,,16.0,,,,,,,,,,,19.0
941,CA,94621,,2.0,1.0,,,,,,,,,6.0,,,,,,,,,,,9.0
942,CA,94702,,,,,,,,,,,,11.0,,,,,,,,,,,11.0
943,CA,94703,,,,,,,,,,,2.0,6.0,,,,,,,,,,,8.0
944,CA,94705,,,,,,,,,,,1.0,16.0,,,,,,,,,,,17.0
945,CA,94706,2.0,1.0,,2.0,5.0,2.0,4.0,1.0,,,,20.0,,,,,,,,,,,37.0
946,CA,94707,1.0,,,,1.0,,3.0,,,1.0,5.0,13.0,,,,,,,,,,,24.0
947,CA,94708,,,,,,,,,,1.0,9.0,19.0,,,,,,,,,,,29.0
949,CA,94801,4.0,,1.0,,,1.0,,1.0,1.0,,2.0,45.0,5.0,2.0,1.0,,,,,,,,63.0
950,CA,94803,3.0,,,1.0,,,1.0,1.0,,1.0,,46.0,7.0,3.0,,,,,,,,,63.0
951,CA,94804,1.0,,,,,,,,,,1.0,17.0,,,,,,,,,,,19.0
952,CA,94805,1.0,,,,,,,,,,,4.0,,,,,,,,,,,5.0
953,CA,94806,34.0,3.0,10.0,10.0,13.0,7.0,12.0,8.0,16.0,16.0,11.0,76.0,8.0,2.0,,,,,,,,,226.0
954,CA,94901,22.0,2.0,2.0,2.0,4.0,3.0,2.0,4.0,3.0,7.0,8.0,455.0,44.0,39.0,13.0,1.0,,,,,,,611.0
955,CA,94903,21.0,,2.0,2.0,7.0,1.0,3.0,1.0,3.0,6.0,8.0,208.0,62.0,28.0,6.0,,,,,,,,358.0
956,CA,94904,12.0,,1.0,1.0,,,,,1.0,1.0,3.0,136.0,35.0,21.0,2.0,1.0,,1.0,,,,,215.0
957,CA,94920,29.0,1.0,1.0,1.0,2.0,2.0,2.0,2.0,3.0,2.0,6.0,243.0,19.0,23.0,11.0,2.0,2.0,1.0,,1.0,,,353.0
959,CA,94923,1.0,,,,,,,,,,,8.0,2.0,2.0,,,,,,,,,13.0
960,CA,94924,,,,,,,,,,,1.0,10.0,1.0,,2.0,,1.0,,,,,,15.0
961,CA,94925,36.0,2.0,6.0,7.0,9.0,5.0,8.0,8.0,21.0,15.0,17.0,252.0,41.0,10.0,1.0,,,,,,,,438.0
962,CA,94928,,,,,,,1.0,1.0,,,,35.0,1.0,,,,,,,,,,38.0
964,CA,94930,1.0,,,,,1.0,1.0,,2.0,1.0,2.0,91.0,17.0,25.0,,,,,,,,,141.0
965,CA,94931,,,,,,,,,,,,53.0,4.0,2.0,,,,,,,,,59.0
966,CA,94933,1.0,,,,,1.0,,,,,,5.0,2.0,1.0,,,,,,,,,10.0
967,CA,94937,2.0,2.0,,,,,,,,,1.0,14.0,,,,,,,,,,,19.0
968,CA,94938,,,,,1.0,1.0,,,,,,5.0,3.0,1.0,,,,,,,,,11.0
969,CA,94939,4.0,1.0,1.0,,2.0,,1.0,1.0,,1.0,2.0,133.0,32.0,30.0,9.0,2.0,,,,,,,219.0
970,CA,94940,5.0,1.0,,1.0,,,,,,,,4.0,,,,,,,,,,,11.0
971,CA,94941,39.0,6.0,3.0,5.0,5.0,4.0,8.0,5.0,5.0,14.0,24.0,205.0,179.0,71.0,5.0,1.0,,,,,,,579.0
972,CA,94945,5.0,,1.0,,,,1.0,2.0,4.0,,1.0,152.0,44.0,6.0,1.0,,,,,,,,217.0
973,CA,94946,,,,,,,,,,,,12.0,4.0,2.0,1.0,,,,,,,,19.0
974,CA,94947,28.0,2.0,2.0,2.0,,5.0,2.0,3.0,1.0,7.0,12.0,245.0,210.0,28.0,,,,,,,,,547.0
975,CA,94949,17.0,2.0,2.0,3.0,3.0,4.0,2.0,4.0,3.0,3.0,6.0,354.0,2.0,,,,,,,,,,405.0
976,CA,94951,,,,,,,,,,,,9.0,,,,,,,,,,,9.0
977,CA,94952,4.0,,2.0,,,,1.0,,2.0,1.0,1.0,124.0,7.0,6.0,1.0,,,,,,,,149.0
978,CA,94954,,,,,,,,,,,,71.0,3.0,1.0,,,,,,,,,75.0
979,CA,94956,2.0,1.0,,,1.0,,,,,,3.0,9.0,5.0,2.0,1.0,,,,,,,,24.0
980,CA,94957,4.0,,,,,,1.0,,2.0,,1.0,44.0,19.0,26.0,3.0,1.0,,1.0,,,,,102.0
981,CA,94960,13.0,,3.0,,1.0,,1.0,2.0,2.0,6.0,2.0,259.0,47.0,40.0,5.0,1.0,1.0,,,,,,383.0
982,CA,94963,,,,,,,,,,,,12.0,7.0,3.0,,,,,,,,,22.0
983,CA,94965,3.0,,,,,,,,,,5.0,20.0,2.0,1.0,,,,,,,,,31.0
984,CA,94970,21.0,,,,,1.0,,1.0,,1.0,,91.0,43.0,16.0,17.0,,1.0,,,1.0,,1.0,194.0
986,CA,94973,,,,,,,,,,,,6.0,,,,,,,,,,,6.0
987,CA,95002,11.0,1.0,1.0,,2.0,1.0,,2.0,1.0,1.0,1.0,46.0,37.0,12.0,2.0,1.0,,,,,,,119.0
988,CA,95003,63.0,,1.0,,,2.0,,1.0,1.0,2.0,13.0,65.0,43.0,12.0,3.0,,,,,,,,206.0
990,CA,95005,1.0,2.0,,,,,,1.0,,,,32.0,31.0,19.0,8.0,1.0,1.0,2.0,,1.0,,,99.0
991,CA,95006,8.0,2.0,1.0,,,,,1.0,,,,87.0,42.0,25.0,4.0,,1.0,,,,,,171.0
992,CA,95008,4.0,,,,,,,,1.0,,1.0,27.0,,,,,,,,,,,33.0
993,CA,95010,9.0,1.0,,,1.0,1.0,2.0,,,1.0,2.0,15.0,7.0,4.0,2.0,,1.0,,,,,,46.0
994,CA,95012,4.0,,,1.0,1.0,1.0,,1.0,1.0,2.0,,10.0,,,,,,,,,,,21.0
995,CA,95014,7.0,1.0,,,,,2.0,,,2.0,1.0,33.0,9.0,8.0,,,,,,,,,63.0
996,CA,95017,1.0,,,,,,,,,,,4.0,,,,,,,,,,,5.0
997,CA,95018,2.0,,,,1.0,3.0,,,,,,71.0,18.0,17.0,5.0,1.0,1.0,,,,,,119.0
999,CA,95020,20.0,2.0,2.0,5.0,5.0,5.0,,4.0,6.0,7.0,8.0,57.0,20.0,3.0,1.0,1.0,,,,,,,146.0
1000,CA,95023,4.0,,2.0,1.0,1.0,,,3.0,3.0,4.0,1.0,47.0,11.0,8.0,1.0,,,,,,,,86.0
1001,CA,95030,4.0,,,,,,,1.0,,4.0,8.0,31.0,,,,,,,,,,,48.0
1002,CA,95032,1.0,2.0,,2.0,1.0,1.0,,,1.0,1.0,2.0,44.0,,,,,,,,,,,55.0
1003,CA,95033,3.0,,1.0,,,,,2.0,,,3.0,5.0,,,,,,,,,,,14.0
1004,CA,95035,29.0,4.0,4.0,3.0,8.0,4.0,9.0,12.0,17.0,19.0,18.0,382.0,301.0,54.0,2.0,,,,,,,,866.0
1005,CA,95037,32.0,1.0,12.0,10.0,11.0,4.0,9.0,1.0,1.0,7.0,8.0,199.0,24.0,5.0,,1.0,,,,,,,325.0
1006,CA,95039,,,,,,,1.0,,,,1.0,8.0,,,,,,,,,,,10.0
1007,CA,95043,2.0,,,,,,,,,,,,4.0,1.0,,,,,,,,,7.0
1008,CA,95045,1.0,,,1.0,,1.0,,2.0,2.0,,,18.0,2.0,,,,,,,,,,27.0
1009,CA,95046,12.0,,1.0,1.0,2.0,3.0,2.0,3.0,6.0,3.0,1.0,41.0,21.0,9.0,,,,,,,,,105.0
1010,CA,95050,1.0,,1.0,,,,,,,,1.0,77.0,46.0,17.0,,,,,,,,,143.0
1011,CA,95051,3.0,,,,1.0,,1.0,2.0,9.0,6.0,12.0,113.0,38.0,5.0,,,,,,,,,190.0
1012,CA,95054,,,,,,,,,,1.0,,34.0,3.0,,,,,,,,,,38.0
1013,CA,95060,3.0,,,,,2.0,2.0,,1.0,2.0,2.0,406.0,26.0,6.0,1.0,,,,,,,,451.0
1014,CA,95062,5.0,,,,,1.0,1.0,,,,7.0,60.0,3.0,,,,,,,,,,77.0
1015,CA,95065,,,,,,,1.0,,,,2.0,15.0,2.0,1.0,2.0,,,1.0,,,,,24.0
1016,CA,95066,1.0,,,,,,,,,1.0,,28.0,2.0,3.0,,,,,,,,,35.0
1017,CA,95070,4.0,1.0,,,,,3.0,,,1.0,1.0,61.0,4.0,,,,,,,,,,75.0
1018,CA,95073,3.0,1.0,,,,2.0,,,1.0,2.0,1.0,27.0,13.0,8.0,3.0,,,,,,,,61.0
1019,CA,95076,124.0,17.0,11.0,19.0,20.0,16.0,30.0,35.0,24.0,14.0,32.0,243.0,198.0,33.0,2.0,,,,,,,,818.0
1020,CA,95110,6.0,,,,1.0,3.0,1.0,2.0,,,9.0,87.0,139.0,13.0,,,,,,,,,261.0
1021,CA,95111,3.0,,,,1.0,1.0,,,,,,1.0,,,,,,,,,,,6.0
1022,CA,95112,4.0,2.0,2.0,1.0,3.0,3.0,1.0,,2.0,2.0,3.0,40.0,29.0,4.0,,,,,,,,,96.0
1024,CA,95116,22.0,3.0,1.0,4.0,4.0,2.0,6.0,13.0,11.0,27.0,66.0,400.0,340.0,18.0,,,,,,,,,917.0
1025,CA,95117,1.0,,,,,5.0,4.0,9.0,6.0,6.0,2.0,47.0,,,,,,,,,,,80.0
1026,CA,95118,11.0,,1.0,1.0,6.0,13.0,26.0,27.0,14.0,7.0,4.0,186.0,,,,,,,,,,,296.0
1027,CA,95120,24.0,3.0,4.0,5.0,2.0,4.0,6.0,6.0,9.0,5.0,3.0,141.0,128.0,27.0,1.0,,,,,,,,368.0
1028,CA,95121,,,,,,,,,,,1.0,9.0,3.0,,,,,,,,,,13.0
1029,CA,95122,3.0,,,,,1.0,1.0,6.0,4.0,6.0,11.0,56.0,10.0,,,,,,,,,,98.0
1030,CA,95123,3.0,1.0,2.0,,,,,,,,1.0,3.0,2.0,,,,,,,,,,12.0
1031,CA,95124,1.0,1.0,,2.0,1.0,1.0,,1.0,,,,2.0,,,,,,,,,,,9.0
1032,CA,95125,34.0,5.0,6.0,4.0,3.0,18.0,18.0,23.0,32.0,23.0,14.0,689.0,369.0,48.0,1.0,,,,,,,,1287.0
1033,CA,95126,,,,,,,,1.0,,1.0,,3.0,1.0,,,,,,,,,,6.0
1034,CA,95127,4.0,,,1.0,7.0,18.0,25.0,32.0,31.0,24.0,20.0,145.0,8.0,,,,,,,,,,315.0
1036,CA,95129,1.0,,,,,,,1.0,,,,7.0,,,,,,,,,,,9.0
1038,CA,95131,1.0,,,,,,,1.0,8.0,9.0,2.0,38.0,1.0,,,,,,,,,,60.0
1039,CA,95132,23.0,,4.0,6.0,5.0,7.0,15.0,17.0,15.0,18.0,17.0,156.0,14.0,1.0,,,,,,,,,298.0
1040,CA,95133,3.0,1.0,1.0,1.0,2.0,1.0,3.0,2.0,3.0,6.0,3.0,71.0,56.0,1.0,,,,,,,,,154.0
1041,CA,95134,1.0,,,,,,,,,,1.0,62.0,11.0,,,,,,,,,,75.0
1043,CA,95136,1.0,,,,,,,1.0,,1.0,1.0,2.0,,,,1.0,,,,,,,7.0
1046,CA,95148,,1.0,1.0,,,,,,,,2.0,49.0,28.0,3.0,,,,,,,,,84.0
1048,CA,95203,4.0,3.0,1.0,1.0,,2.0,1.0,2.0,1.0,,,149.0,,,,,,,,,,,164.0
1049,CA,95204,156.0,30.0,19.0,19.0,11.0,7.0,11.0,16.0,21.0,23.0,30.0,1663.0,,,,,,,,,,,2006.0
1050,CA,95205,,,,,1.0,,,,,,,34.0,,,,,,,,,,,35.0
1051,CA,95206,31.0,2.0,,3.0,6.0,11.0,10.0,5.0,2.0,3.0,5.0,249.0,16.0,6.0,,,,,,,,,349.0
1052,CA,95207,,,,,,,,1.0,,,20.0,215.0,,,,,,,,,,,236.0
1053,CA,95209,1.0,,,,,1.0,,,,,5.0,247.0,,,,,,,,,,,254.0
1054,CA,95210,,,,,,,,,,,15.0,53.0,,,,,,,,,,,68.0
1055,CA,95212,1.0,,,,,,,,,,6.0,87.0,,,,,,,,,,,94.0
1056,CA,95215,6.0,,,3.0,2.0,3.0,6.0,4.0,6.0,,4.0,56.0,16.0,5.0,1.0,,,,,,,,112.0
1057,CA,95219,1.0,1.0,,1.0,,,,,1.0,2.0,48.0,781.0,,,,,,,,,,,835.0
1058,CA,95220,,,1.0,,1.0,,,1.0,,,1.0,38.0,3.0,,,,,,,,,,45.0
1059,CA,95222,,,,,,,,,,,,14.0,1.0,,,,,,,,,,15.0
1060,CA,95223,2.0,1.0,,,,,,1.0,,1.0,3.0,17.0,,,,,,,,,,,25.0
1061,CA,95228,,,1.0,,2.0,,,,,,,18.0,3.0,3.0,2.0,,,,,,,,29.0
1062,CA,95230,,,1.0,,,,,,,,1.0,10.0,2.0,,,,,,,,,,14.0
1063,CA,95231,,,,,1.0,,1.0,1.0,1.0,,1.0,9.0,1.0,,,,,,,,,,15.0
1064,CA,95236,1.0,,,,,,1.0,2.0,,1.0,1.0,9.0,1.0,,,,,,,,,,16.0
1066,CA,95240,3.0,,2.0,2.0,2.0,4.0,4.0,2.0,,2.0,,117.0,12.0,,1.0,,,,,,,,151.0
1067,CA,95242,54.0,1.0,1.0,7.0,3.0,5.0,4.0,7.0,6.0,7.0,5.0,188.0,,,,,,,,,,,288.0
1070,CA,95247,,,,,,1.0,,,,,,8.0,,,,,,,,,,,9.0
1071,CA,95249,,,,,,,,,1.0,,,7.0,,,,,,,,,,,8.0
1072,CA,95252,1.0,,,,1.0,,,,,1.0,1.0,53.0,4.0,4.0,,,,,,,,,65.0
1073,CA,95255,,1.0,1.0,,,,,,,,,4.0,,,,,,,,,,,6.0
1074,CA,95258,1.0,,,,,,,,,,,70.0,,,,,,,,,,,71.0
1075,CA,95301,12.0,1.0,,1.0,3.0,1.0,4.0,,,3.0,6.0,59.0,,,,,,,,,,,90.0
1077,CA,95304,87.0,7.0,3.0,6.0,8.0,,4.0,2.0,9.0,4.0,5.0,56.0,2.0,,,,,,,,,,193.0
1078,CA,95307,,,,,,,,,,,,10.0,,,,,,,,,,,10.0
1080,CA,95313,3.0,1.0,,1.0,,,2.0,1.0,,,,3.0,,,,,,,,,,,11.0
1082,CA,95316,,,,,,,,,,,,5.0,,,,,,,,,,,5.0
1083,CA,95317,5.0,,1.0,1.0,,,,,,,2.0,1.0,1.0,,,,,,,,,,11.0
1084,CA,95320,2.0,1.0,,,,,1.0,,2.0,1.0,1.0,12.0,,,,,,,,,,,20.0
1086,CA,95322,3.0,2.0,,1.0,,,,,,,,1.0,,,,,,,,,,,7.0
1087,CA,95324,11.0,1.0,1.0,1.0,1.0,1.0,,,1.0,7.0,3.0,7.0,1.0,2.0,2.0,,,,,,,,39.0
1091,CA,95330,2.0,,,,,,,1.0,,,2.0,145.0,,,,,,,,,,,150.0
1092,CA,95333,1.0,,2.0,1.0,1.0,,2.0,2.0,3.0,1.0,6.0,42.0,6.0,1.0,,,,,,,,,68.0
1095,CA,95336,1.0,,,,,,1.0,2.0,,,,73.0,3.0,,,,,,,,,,80.0
1096,CA,95337,25.0,,1.0,1.0,1.0,3.0,4.0,2.0,3.0,4.0,15.0,182.0,,,,,,,,,,,241.0
1097,CA,95340,26.0,17.0,21.0,33.0,51.0,35.0,32.0,11.0,14.0,24.0,138.0,978.0,14.0,6.0,,,,,,,,,1400.0
1098,CA,95341,31.0,6.0,4.0,8.0,21.0,29.0,25.0,29.0,29.0,29.0,36.0,1352.0,9.0,1.0,,,,,,,,,1609.0
1099,CA,95348,21.0,1.0,1.0,4.0,8.0,10.0,6.0,5.0,5.0,13.0,6.0,524.0,65.0,9.0,2.0,,,,,,,,680.0
1100,CA,95350,,,,,,,,,,,,17.0,,,,,,,,,,,17.0
1101,CA,95351,8.0,1.0,1.0,1.0,,20.0,,2.0,,5.0,4.0,47.0,35.0,4.0,4.0,,,,,,,,132.0
1102,CA,95354,8.0,,1.0,1.0,,1.0,1.0,2.0,1.0,,1.0,19.0,4.0,2.0,2.0,,,,,,,,43.0
1103,CA,95355,2.0,,,,,,,,,,1.0,44.0,,,,,,,,,,,47.0
1104,CA,95356,,,,,,,,,,,6.0,29.0,,,,,,,,,,,35.0
1105,CA,95357,1.0,,,,,,,,,,,9.0,,,,,,,,,,,10.0
1106,CA,95358,11.0,1.0,,,2.0,,1.0,3.0,4.0,2.0,3.0,33.0,23.0,6.0,,,,,,,,,89.0
1107,CA,95360,2.0,1.0,1.0,7.0,11.0,6.0,10.0,9.0,3.0,,4.0,86.0,,,,,,,,,,,140.0
1108,CA,95361,,,,1.0,,,,,,,1.0,28.0,,,,,,,,,,,30.0
1109,CA,95363,2.0,13.0,15.0,20.0,28.0,19.0,4.0,1.0,3.0,4.0,9.0,92.0,,,,,,,,,,,210.0
1110,CA,95365,4.0,4.0,5.0,12.0,10.0,6.0,7.0,1.0,5.0,4.0,14.0,156.0,,,,,,,,,,,228.0
1111,CA,95366,,,,,,,,,,,3.0,41.0,,,,,,,,,,,44.0
1112,CA,95367,,,,,,,,,,,,21.0,,,,,,,,,,,21.0
1113,CA,95368,,,,,,,,,,,,10.0,,,,,,,,,,,10.0
1114,CA,95369,,,,,,,,,,,,5.0,3.0,1.0,,,,,,,,,9.0
1115,CA,95370,2.0,,,,,,,,1.0,,,29.0,1.0,1.0,,,,,,,,,34.0
1116,CA,95374,5.0,,,,1.0,2.0,,2.0,4.0,3.0,1.0,9.0,1.0,4.0,,,,,,,,,32.0
1117,CA,95376,,,,,,,,,,,,40.0,,,,,,,,,,,40.0
1118,CA,95377,,,,,,,,,,,,15.0,,,,,,,,,,,15.0
1120,CA,95380,2.0,,,,,,1.0,1.0,1.0,,1.0,13.0,,,,,,,,,,,19.0
1121,CA,95382,,,,,,,,,,,,20.0,,,,,,,,,,,20.0
1124,CA,95386,1.0,,,,,,,,,,,8.0,,,,,,,,,,,9.0
1126,CA,95391,2.0,,,,,,,,,,1.0,12.0,,,,,,,,,,,15.0
1127,CA,95401,3.0,,,,,,,,,,,34.0,1.0,1.0,,,,,,,,,39.0
1128,CA,95403,,,,,,,,,,,,25.0,,,,,,,,,,,25.0
1129,CA,95404,1.0,,,,,,,,,,1.0,35.0,,,,,,,,,,,37.0
1130,CA,95405,,,,,,,,,,,,23.0,,1.0,,,,,,,,,24.0
1131,CA,95407,2.0,2.0,1.0,,,,,,,,1.0,38.0,8.0,,,,,,,,,,52.0
1132,CA,95409,,,,,,,,,,,,40.0,3.0,1.0,,,,,,,,,44.0
1135,CA,95421,3.0,,1.0,,1.0,,,,,,,44.0,12.0,9.0,3.0,,,,,,,,73.0
1136,CA,95422,6.0,,1.0,,2.0,,1.0,2.0,5.0,1.0,5.0,126.0,59.0,12.0,1.0,,,1.0,,,,,222.0
1137,CA,95423,8.0,1.0,2.0,1.0,,1.0,3.0,1.0,,2.0,4.0,108.0,94.0,31.0,4.0,1.0,1.0,,,,,,262.0
1138,CA,95425,10.0,,1.0,1.0,,1.0,1.0,,1.0,2.0,1.0,39.0,9.0,6.0,1.0,,,,,,,,73.0
1141,CA,95436,5.0,,,,7.0,1.0,,,2.0,,,110.0,18.0,23.0,3.0,3.0,1.0,1.0,,,,,174.0
1142,CA,95437,,,,,,,,,,,,12.0,,,,,,,,,,,12.0
1144,CA,95441,4.0,,,,,,,1.0,,1.0,,13.0,9.0,2.0,,,,,,,,,30.0
1145,CA,95442,,,,,,,,,,,,31.0,5.0,4.0,,1.0,,,,,,,41.0
1148,CA,95445,1.0,,,,,,,,,,,4.0,,,,,,,,,,,5.0
1149,CA,95446,30.0,,,1.0,,,3.0,2.0,2.0,1.0,7.0,405.0,74.0,58.0,24.0,9.0,1.0,,1.0,,,,618.0
1150,CA,95448,,,,,,,,1.0,,,,134.0,9.0,11.0,2.0,2.0,,,,,,,159.0
1151,CA,95449,2.0,1.0,,,,,,1.0,,,2.0,24.0,15.0,11.0,1.0,,,,,,,,57.0
1152,CA,95450,1.0,,,,,,,,1.0,,,13.0,1.0,,,,,,,,,,16.0
1153,CA,95451,2.0,,,,,1.0,2.0,,1.0,2.0,1.0,61.0,43.0,10.0,,,,,,,,,123.0
1154,CA,95452,,,,,,,,,,1.0,,22.0,3.0,5.0,2.0,,,,,,,,33.0
1155,CA,95453,12.0,5.0,2.0,1.0,3.0,1.0,2.0,1.0,2.0,2.0,1.0,153.0,107.0,36.0,7.0,2.0,,,,,,,337.0
1158,CA,95457,,,,,,,,,,,,20.0,6.0,3.0,1.0,,,,,,,,30.0
1159,CA,95458,3.0,,,1.0,,,,,,,,31.0,6.0,1.0,,,,,,,,,42.0
1162,CA,95461,,,,,,,,,,,,36.0,11.0,2.0,,,,,,,,,49.0
1163,CA,95462,8.0,1.0,,1.0,,1.0,,4.0,,1.0,2.0,115.0,60.0,46.0,21.0,3.0,2.0,1.0,,,,,266.0
1164,CA,95464,1.0,,,,,,,,,,,12.0,5.0,,1.0,,,,,,,,19.0
1165,CA,95465,,,,,,,,,,,,18.0,2.0,6.0,1.0,1.0,,,,,,,28.0
1167,CA,95467,,,,,,,,1.0,,2.0,1.0,88.0,46.0,9.0,,1.0,,,,,,,148.0
1169,CA,95469,2.0,,,,,,,,,1.0,,14.0,2.0,1.0,,,,,,,,,20.0
1170,CA,95470,,,,,,,,,,,,12.0,2.0,,,,,,,,,,14.0
1171,CA,95472,1.0,,,,,,,,,,1.0,62.0,2.0,3.0,2.0,2.0,,,,,,,73.0
1172,CA,95476,9.0,1.0,1.0,1.0,,,,2.0,2.0,,1.0,157.0,16.0,14.0,,,1.0,,,,,,205.0
1173,CA,95482,13.0,1.0,,1.0,,3.0,4.0,6.0,1.0,5.0,5.0,143.0,79.0,13.0,,1.0,,,,,,,275.0
1174,CA,95485,2.0,,,1.0,1.0,,2.0,,,1.0,,23.0,7.0,3.0,1.0,1.0,,,,,,,42.0
1176,CA,95490,2.0,,1.0,2.0,,,,1.0,,,1.0,23.0,7.0,2.0,,,,,,,,,39.0
1177,CA,95492,3.0,,,,1.0,,,1.0,,,,57.0,4.0,2.0,,,,,,,,,68.0
1180,CA,95501,,,,,,,,,2.0,,,10.0,,,,,,,,,,,12.0
1181,CA,95503,5.0,,,,,,,1.0,1.0,,,47.0,12.0,1.0,2.0,,,,,,,,69.0
1182,CA,95519,4.0,,,,,,,,1.0,,1.0,27.0,,1.0,1.0,,,,,,,,35.0
1183,CA,95521,20.0,2.0,1.0,4.0,1.0,,4.0,2.0,2.0,1.0,3.0,49.0,5.0,,,,,,,,,,94.0
1184,CA,95524,,,,,,,,,,2.0,1.0,10.0,,1.0,,,,,,,,,14.0
1185,CA,95525,,,,,,,,1.0,1.0,1.0,2.0,5.0,,,,,,,,,,,10.0
1187,CA,95528,6.0,1.0,,,,1.0,1.0,1.0,1.0,,,19.0,9.0,2.0,2.0,,,,,,,,43.0
1188,CA,95531,2.0,,,,,,1.0,1.0,,1.0,,56.0,14.0,4.0,,,,,,,,,79.0
1189,CA,95536,12.0,1.0,,,2.0,3.0,,3.0,2.0,3.0,2.0,31.0,7.0,,,,,,,,,,66.0
1190,CA,95540,6.0,4.0,,,1.0,,1.0,3.0,1.0,1.0,2.0,37.0,11.0,4.0,1.0,,,,,,,,72.0
1191,CA,95542,,,,,,,,,,,,12.0,4.0,1.0,1.0,1.0,,,,,,,19.0
1192,CA,95543,1.0,,,,,,,,,,,8.0,1.0,1.0,1.0,1.0,,,,,,,13.0
1194,CA,95548,,,,,,,,,,,,8.0,1.0,1.0,,,,,,,,,10.0
1196,CA,95554,,,,,,,,,,,,2.0,1.0,3.0,,,,,,,,,6.0
1197,CA,95555,,1.0,,,,,,,,,,5.0,,,,,,,,,,,6.0
1202,CA,95563,,,,,,,,,,,,4.0,,1.0,,,,,,,,,5.0
1203,CA,95564,,,,,,,,,,,,9.0,,,,,,,,,,,9.0
1204,CA,95565,1.0,,,,,,2.0,,,,,1.0,2.0,,,,,,,,,,6.0
1205,CA,95567,,,,,,,,,,,,10.0,2.0,,,,,,,,,,12.0
1207,CA,95569,,,,,,,,,1.0,,,2.0,2.0,,,,,,,,,,5.0
1208,CA,95570,,,,,,,,,,,1.0,6.0,,,,,,,,,,,7.0
1210,CA,95589,,,,,,,,,,,,3.0,,1.0,1.0,,,,,,,,5.0
1211,CA,95602,,,,,,,1.0,,1.0,,2.0,14.0,1.0,,,,,,,,,,19.0
1212,CA,95603,2.0,,,,3.0,1.0,,,1.0,,2.0,21.0,,,,,,,,,,,30.0
1213,CA,95605,,,,,,,,,,,26.0,221.0,,,,,,,,,,,247.0
1214,CA,95606,1.0,,,1.0,,,,,,,,2.0,2.0,1.0,,,,,,,,,7.0
1216,CA,95608,28.0,2.0,3.0,1.0,5.0,3.0,2.0,1.0,1.0,14.0,73.0,435.0,,,,,,,,,,,568.0
1217,CA,95610,3.0,1.0,,1.0,,1.0,3.0,1.0,,,7.0,86.0,,,,,,,,,,,103.0
1218,CA,95612,23.0,3.0,,3.0,4.0,2.0,1.0,2.0,6.0,7.0,22.0,163.0,,1.0,,,,,,,,,237.0
1220,CA,95615,9.0,1.0,1.0,,2.0,1.0,1.0,4.0,19.0,38.0,22.0,22.0,,,,,,,,,,,120.0
1221,CA,95616,11.0,,,2.0,2.0,,5.0,2.0,8.0,3.0,2.0,314.0,21.0,3.0,,,,,,,,,373.0
1222,CA,95618,,,,,,,,,,,,209.0,,,,,,,,,,,209.0
1224,CA,95620,13.0,,,2.0,3.0,1.0,2.0,4.0,2.0,4.0,1.0,43.0,,,,,,,,,,,75.0
1225,CA,95621,2.0,,,,,,,,,2.0,2.0,111.0,3.0,,,,,,,,,,120.0
1226,CA,95623,1.0,,,,,,,,,,,2.0,1.0,,1.0,,,,,,,,5.0
1227,CA,95624,2.0,,1.0,1.0,,,3.0,2.0,1.0,1.0,4.0,297.0,6.0,,1.0,,,,,,,,319.0
1228,CA,95626,2.0,,,2.0,1.0,1.0,1.0,1.0,,,13.0,58.0,,,,,,,,,,,79.0
1229,CA,95627,,,,,,,,,,,,11.0,1.0,,,,,,,,,,12.0
1230,CA,95628,1.0,,,,,1.0,,2.0,1.0,3.0,30.0,64.0,,,,,,,,,,,102.0
1231,CA,95629,,,,,,,,,,,,3.0,3.0,,,,,,,,,,6.0
1232,CA,95630,1.0,,,,,,,,,,13.0,146.0,,,,,,,,,,,160.0
1234,CA,95632,15.0,2.0,,2.0,2.0,,3.0,2.0,2.0,6.0,6.0,127.0,5.0,,,,,,,,,,172.0
1237,CA,95637,1.0,,,,1.0,,,,,,,7.0,2.0,,,,,,,,,,11.0
1238,CA,95638,,,,,,,,,,,1.0,11.0,,,,,,,,,,,12.0
1239,CA,95640,1.0,,,,,,,,,1.0,1.0,53.0,10.0,,,,,,,,,,66.0
1240,CA,95641,111.0,6.0,8.0,5.0,8.0,7.0,3.0,5.0,4.0,5.0,6.0,33.0,1.0,,,,,,,,,,202.0
1241,CA,95642,1.0,,,,,1.0,,,,1.0,,10.0,6.0,2.0,,,,,,,,,21.0
1242,CA,95645,10.0,1.0,1.0,2.0,1.0,,4.0,5.0,10.0,18.0,25.0,100.0,1.0,,,,,,,,,,178.0
1243,CA,95648,3.0,,,3.0,,1.0,1.0,1.0,,,9.0,90.0,2.0,,,,,,,,,,110.0
1244,CA,95650,8.0,2.0,1.0,,1.0,1.0,,2.0,,1.0,4.0,59.0,11.0,1.0,,,,,,,,,91.0
1245,CA,95651,1.0,,,,,,,,,,,9.0,1.0,1.0,,,,,,,,,12.0
1247,CA,95653,1.0,1.0,,,,2.0,3.0,,7.0,15.0,12.0,18.0,2.0,,,,,,,,,,61.0
1249,CA,95658,,,,,2.0,,,,,,,8.0,3.0,1.0,1.0,,,,,,,,15.0
1250,CA,95659,11.0,2.0,1.0,1.0,1.0,1.0,,,2.0,14.0,22.0,60.0,,,,,,,,,,,115.0
1251,CA,95660,6.0,,1.0,1.0,2.0,6.0,17.0,12.0,15.0,10.0,19.0,61.0,,,,,,,,,,,150.0
1252,CA,95661,6.0,,,,2.0,1.0,1.0,2.0,3.0,2.0,5.0,128.0,8.0,,,,,,,,,,158.0
1253,CA,95662,2.0,,,2.0,,,,,,,17.0,80.0,,,,,,,,,,,101.0
1254,CA,95663,,,1.0,1.0,,,,,,1.0,1.0,7.0,1.0,,,,,,,,,,12.0
1256,CA,95667,4.0,,2.0,2.0,,,,1.0,,,3.0,25.0,1.0,3.0,2.0,2.0,,,,,,,45.0
1257,CA,95668,8.0,1.0,,,3.0,2.0,1.0,1.0,1.0,1.0,4.0,30.0,1.0,,,,,,,,,,53.0
1258,CA,95669,,,,,,,,,,1.0,1.0,4.0,1.0,,,,,,,,,,7.0
1259,CA,95670,1.0,,,,,,,,,1.0,10.0,283.0,,,,,,,,,,,295.0
1260,CA,95672,,,,,,,,,,,1.0,5.0,,,,,,,,,,,6.0
1261,CA,95673,22.0,3.0,2.0,6.0,3.0,10.0,4.0,4.0,5.0,8.0,59.0,193.0,1.0,,,,,,,,,,320.0
1262,CA,95674,14.0,2.0,,2.0,2.0,3.0,1.0,5.0,2.0,8.0,7.0,58.0,1.0,,,,,,,,,,105.0
1263,CA,95677,1.0,,,,,,,,,2.0,1.0,82.0,3.0,3.0,1.0,,,,,,,,93.0
1264,CA,95678,2.0,,,,1.0,1.0,,,1.0,3.0,8.0,69.0,8.0,,,,,,,,,,93.0
1267,CA,95682,5.0,2.0,1.0,2.0,,1.0,1.0,,3.0,3.0,3.0,43.0,12.0,1.0,,,,,,,,,77.0
1268,CA,95683,,,1.0,,,,,,,,5.0,18.0,3.0,,,,,,,,,,27.0
1269,CA,95684,1.0,,,,,,,,,,,5.0,2.0,,,,,,,,,,8.0
1270,CA,95685,,,,,,,,,,,,12.0,1.0,2.0,,1.0,,,,,,,16.0
1271,CA,95687,66.0,3.0,7.0,6.0,9.0,,2.0,12.0,18.0,18.0,18.0,584.0,30.0,2.0,1.0,,,,,,,,776.0
1272,CA,95688,4.0,,,1.0,1.0,,4.0,2.0,2.0,1.0,4.0,149.0,3.0,2.0,1.0,,,,,,,,174.0
1274,CA,95690,31.0,3.0,3.0,4.0,1.0,4.0,3.0,22.0,58.0,83.0,45.0,97.0,,,,,,,,,,,354.0
1275,CA,95691,11.0,,1.0,3.0,1.0,1.0,1.0,,2.0,2.0,9.0,1487.0,1.0,,,,,,,,,,1519.0
1276,CA,95692,4.0,,,,,,,,,1.0,2.0,172.0,6.0,,,,,,,,,,185.0
1277,CA,95693,8.0,,,1.0,2.0,3.0,1.0,,2.0,3.0,,151.0,1.0,1.0,,,,,,,,,173.0
1278,CA,95694,4.0,,,,,1.0,1.0,,3.0,2.0,1.0,35.0,4.0,1.0,1.0,,,,,,,,53.0
1279,CA,95695,47.0,4.0,3.0,13.0,8.0,2.0,14.0,7.0,19.0,25.0,16.0,231.0,4.0,,,,,,,,,,393.0
1280,CA,95698,2.0,,,,,,,,,,1.0,3.0,,,,,,,,,,,6.0
1286,CA,95722,,,,,,,,,1.0,,1.0,7.0,4.0,,,,,,,,,,13.0
1287,CA,95724,3.0,,,,,,,1.0,,,1.0,10.0,,,,,,,,,,,15.0
1288,CA,95726,,,,,,,,,,,,2.0,1.0,1.0,2.0,,1.0,,,,,,7.0
1289,CA,95728,,,,,,,,,,,,4.0,1.0,3.0,,,,,,,,,8.0
1290,CA,95742,,,,,,,,,,,2.0,22.0,,,,,,,,,,,24.0
1291,CA,95746,3.0,,,,2.0,1.0,1.0,2.0,2.0,4.0,10.0,157.0,17.0,2.0,2.0,,,,,,,,203.0
1292,CA,95747,2.0,1.0,,,,,,1.0,,1.0,33.0,108.0,4.0,1.0,,,,,,,,,151.0
1293,CA,95757,51.0,3.0,4.0,2.0,5.0,15.0,16.0,5.0,4.0,4.0,14.0,252.0,1.0,,,,,,,,,,376.0
1294,CA,95758,,,,,,,,,,,13.0,474.0,,,,,,,,,,,487.0
1295,CA,95762,,,,,,,,,,,4.0,43.0,4.0,1.0,,,,,,,,,52.0
1296,CA,95765,,,,,,,,,,2.0,10.0,20.0,,,,,,,,,,,32.0
1297,CA,95776,13.0,1.0,3.0,1.0,2.0,2.0,1.0,1.0,5.0,8.0,19.0,138.0,1.0,,,,,,,,,,195.0
1298,CA,95811,,,,,,,,,,1.0,6.0,62.0,,,,,,,,,,,69.0
1299,CA,95814,,,,,,,,,,,6.0,73.0,,,,,,,,,,,79.0
1300,CA,95815,3.0,,,1.0,5.0,1.0,1.0,,2.0,1.0,45.0,223.0,,,,,,,,,,,282.0
1301,CA,95816,1.0,,1.0,1.0,,1.0,,,,8.0,114.0,557.0,,,,,,,,,,,683.0
1302,CA,95817,,,,,,,,,,,32.0,119.0,,,,,,,,,,,151.0
1303,CA,95818,2.0,1.0,1.0,1.0,2.0,1.0,,1.0,,8.0,144.0,1458.0,,,,,,,,,,,1619.0
1304,CA,95819,1.0,,,1.0,,1.0,,,,28.0,388.0,1078.0,,,,,,,,,,,1497.0
1305,CA,95820,,,,,,,,1.0,,1.0,87.0,154.0,,,,,,,,,,,243.0
1306,CA,95821,3.0,,1.0,,,2.0,1.0,,1.0,2.0,15.0,116.0,,,,,,,,,,,141.0
1307,CA,95822,3.0,1.0,1.0,1.0,,1.0,3.0,2.0,,15.0,181.0,1332.0,1.0,,,,,,,,,,1541.0
1308,CA,95823,2.0,1.0,1.0,2.0,2.0,8.0,3.0,11.0,13.0,21.0,84.0,659.0,13.0,,,,,,,,,,820.0
1309,CA,95824,,,,1.0,,,,,,1.0,24.0,94.0,,,,,,,,,,,120.0
1310,CA,95825,6.0,1.0,1.0,1.0,2.0,1.0,2.0,1.0,4.0,3.0,361.0,434.0,,,,,,,,,,,817.0
1311,CA,95826,2.0,,,1.0,1.0,1.0,1.0,3.0,6.0,6.0,56.0,1104.0,,1.0,,,,,,,,,1182.0
1312,CA,95827,10.0,,1.0,,,,,1.0,1.0,6.0,98.0,102.0,1.0,,,,,,,,,,220.0
1313,CA,95828,5.0,2.0,1.0,1.0,2.0,4.0,2.0,2.0,2.0,5.0,19.0,169.0,1.0,,,,,,,,,,215.0
1314,CA,95829,7.0,4.0,1.0,4.0,1.0,2.0,3.0,8.0,6.0,12.0,13.0,116.0,,,,,,,,,,,177.0
1316,CA,95831,7.0,2.0,5.0,2.0,4.0,4.0,3.0,4.0,2.0,13.0,286.0,3944.0,1.0,,,,,,,,,,4277.0
1317,CA,95832,4.0,,1.0,1.0,,1.0,1.0,,2.0,5.0,22.0,102.0,,,,,,,,,,,139.0
1318,CA,95833,23.0,6.0,3.0,15.0,12.0,13.0,17.0,16.0,18.0,72.0,1240.0,5765.0,2.0,1.0,,,,,,,,,7203.0
1319,CA,95834,16.0,,2.0,4.0,11.0,17.0,15.0,12.0,8.0,74.0,526.0,5955.0,1.0,,,,,,,,,,6641.0
1320,CA,95835,18.0,4.0,3.0,16.0,16.0,28.0,20.0,13.0,28.0,119.0,3157.0,6578.0,2.0,1.0,,,,,,,,,10003.0
1322,CA,95837,14.0,4.0,1.0,1.0,,,2.0,2.0,3.0,5.0,1.0,42.0,4.0,1.0,,,,,,,,,80.0
1323,CA,95838,1.0,,,,1.0,5.0,12.0,15.0,17.0,8.0,69.0,214.0,,,,,,,,,,,342.0
1324,CA,95841,,,,,,,,1.0,,1.0,6.0,72.0,,,,,,,,,,,80.0
1325,CA,95842,,,,,,,,,,5.0,12.0,23.0,,,,,,,,,,,40.0
1326,CA,95843,,,,2.0,,1.0,,,1.0,,13.0,45.0,,,,,,,,,,,62.0
1327,CA,95864,15.0,3.0,2.0,4.0,2.0,6.0,5.0,3.0,1.0,10.0,92.0,752.0,2.0,,,,,,,,,,897.0
1328,CA,95901,12.0,,,5.0,2.0,4.0,1.0,1.0,3.0,1.0,2.0,1036.0,13.0,6.0,1.0,,,,,,,,1087.0
1330,CA,95912,4.0,,,3.0,7.0,1.0,1.0,2.0,1.0,1.0,1.0,56.0,1.0,,,,,,,,,,78.0
1331,CA,95917,7.0,1.0,,,,,,1.0,12.0,11.0,16.0,59.0,,,,,,,,,,,107.0
1334,CA,95920,5.0,,,1.0,1.0,,,2.0,4.0,1.0,3.0,,,,,,,,,,,,17.0
1336,CA,95926,1.0,,,,,,,,,1.0,3.0,110.0,,,,,,,,,,,115.0
1337,CA,95928,25.0,4.0,14.0,13.0,10.0,24.0,23.0,28.0,23.0,19.0,24.0,305.0,18.0,7.0,1.0,,,,,,,,538.0
1338,CA,95932,16.0,,,,1.0,1.0,1.0,1.0,3.0,4.0,17.0,182.0,1.0,,,,,,,,,,227.0
1340,CA,95936,,,,,,,,,,,,7.0,,1.0,1.0,,,,,,,,9.0
1341,CA,95937,,1.0,,,,,,,,,,4.0,,1.0,,,,,,,,,6.0
1342,CA,95938,78.0,2.0,9.0,12.0,9.0,10.0,9.0,5.0,6.0,14.0,17.0,95.0,,,,,,,,,,,266.0
1345,CA,95943,,,1.0,,,,,,2.0,1.0,4.0,11.0,,,,,,,,,,,19.0
1347,CA,95945,2.0,,,,,,,2.0,1.0,,,13.0,3.0,,,,,,,,,,21.0
1348,CA,95946,1.0,1.0,,,,,1.0,,,,1.0,18.0,1.0,1.0,,,,,,,,,24.0
1349,CA,95947,1.0,,,,,,,1.0,1.0,,,7.0,3.0,1.0,,,,,,,,,14.0
1350,CA,95948,,,,1.0,,,,,,,6.0,194.0,,,,,,,,,,,201.0
1351,CA,95949,,,,,,,,,,,,14.0,2.0,,,1.0,,,,,,,17.0
1352,CA,95951,1.0,,1.0,2.0,,,1.0,4.0,1.0,,1.0,15.0,1.0,,,,,,,,,,27.0
1353,CA,95953,1.0,,,,,,,,,,18.0,198.0,,,,,,,,,,,217.0
1354,CA,95955,3.0,,1.0,,1.0,2.0,3.0,1.0,4.0,6.0,2.0,23.0,1.0,,,,,,,,,,47.0
1355,CA,95957,2.0,1.0,,,,,,1.0,,,4.0,74.0,,,,,,,,,,,82.0
1356,CA,95959,2.0,,,,,,,,,,2.0,9.0,,,,,,,,,,,13.0
1357,CA,95961,4.0,,2.0,,2.0,,1.0,1.0,1.0,3.0,3.0,1148.0,24.0,3.0,1.0,,,,,,,,1193.0
1359,CA,95963,4.0,,,,,,1.0,,,,,43.0,1.0,,,,,,,,,,49.0
1360,CA,95965,11.0,,1.0,1.0,2.0,,1.0,2.0,2.0,2.0,5.0,85.0,7.0,,1.0,,,,,,,,120.0
1361,CA,95966,4.0,1.0,,,1.0,1.0,1.0,,,,,42.0,2.0,1.0,2.0,,,,,,,,55.0
1362,CA,95968,2.0,1.0,2.0,,,,2.0,3.0,5.0,2.0,1.0,9.0,2.0,,,,,,,,,,29.0
1364,CA,95970,2.0,,,,,,,,1.0,1.0,3.0,13.0,,,,,,,,,,,20.0
1365,CA,95971,,,1.0,2.0,1.0,,,1.0,,1.0,1.0,12.0,2.0,2.0,,,,,,,,,23.0
1366,CA,95973,12.0,2.0,3.0,,2.0,1.0,4.0,3.0,4.0,3.0,3.0,274.0,9.0,7.0,2.0,1.0,,,,,,,330.0
1369,CA,95979,1.0,,,,,,,1.0,,1.0,,2.0,,,,,,,,,,,5.0
1370,CA,95982,,,,,,,,,,,3.0,7.0,,,,,,,,,,,10.0
1371,CA,95983,1.0,,,,,,,,,,,5.0,1.0,1.0,,,,,,,,,8.0
1373,CA,95987,2.0,,1.0,,,,,,,,1.0,9.0,,,,,,,,,,,13.0
1374,CA,95988,10.0,2.0,3.0,8.0,12.0,17.0,19.0,9.0,4.0,6.0,8.0,184.0,,1.0,,,,,,,,,283.0
1375,CA,95991,13.0,,1.0,6.0,1.0,3.0,1.0,6.0,48.0,84.0,190.0,1658.0,,,,,,,,,,,2011.0
1376,CA,95993,27.0,2.0,4.0,4.0,4.0,2.0,2.0,5.0,41.0,75.0,177.0,1690.0,,,,,,,,,,,2033.0
1377,CA,96001,11.0,4.0,2.0,1.0,,2.0,2.0,1.0,6.0,4.0,4.0,183.0,11.0,1.0,,,,,,,,,232.0
1378,CA,96002,10.0,1.0,3.0,1.0,3.0,3.0,3.0,2.0,4.0,7.0,3.0,74.0,24.0,9.0,2.0,,,,,,,,149.0
1379,CA,96003,2.0,,,,,,,,1.0,1.0,1.0,106.0,18.0,8.0,3.0,,,,,,,,140.0
1381,CA,96007,2.0,1.0,1.0,1.0,1.0,,2.0,4.0,4.0,4.0,4.0,72.0,11.0,4.0,1.0,,,,,,,,112.0
1382,CA,96008,,,,,,,,,,,,14.0,2.0,,2.0,,,,,,,,18.0
1383,CA,96013,,,,,1.0,,,,,,,23.0,29.0,6.0,,,,,,,,,59.0
1386,CA,96019,5.0,,1.0,1.0,,,,2.0,,1.0,3.0,34.0,3.0,,,,,,,,,,50.0
1387,CA,96020,1.0,,,,,,1.0,,,,,4.0,,,,,,,,,,,6.0
1388,CA,96021,5.0,,,,,,3.0,2.0,1.0,1.0,1.0,58.0,7.0,3.0,1.0,,,,,,,,82.0
1389,CA,96022,1.0,,,,,,,1.0,2.0,,1.0,99.0,60.0,8.0,,,,,,,,,172.0
1390,CA,96024,,,,,,,,,,,,5.0,1.0,,1.0,,,,,,,,7.0
1391,CA,96025,5.0,,,1.0,,,,,,,,21.0,5.0,1.0,1.0,,,,,,,,34.0
1392,CA,96027,1.0,,,,,1.0,,,,,1.0,26.0,2.0,,,,,,,,,,31.0
1394,CA,96032,,1.0,,,,,,,,,,41.0,8.0,3.0,,,,,,,,,53.0
1395,CA,96033,,,,,,,,,,,,7.0,1.0,,1.0,,,,,,,,9.0
1396,CA,96035,6.0,,2.0,1.0,1.0,,2.0,3.0,1.0,3.0,1.0,66.0,10.0,2.0,,,,,,,,,98.0
1397,CA,96039,,,,,,,,,,,,4.0,,2.0,,,,,,,,,6.0
1398,CA,96040,1.0,,,,,,,,,,,1.0,2.0,2.0,1.0,,,,,,,,7.0
1400,CA,96044,,,,,,,1.0,,,,,6.0,,1.0,1.0,,,,,,,,9.0
1403,CA,96048,,,,,1.0,,,,,,,3.0,1.0,,,,,,,,,,5.0
1404,CA,96050,1.0,,,,,,,,,,,4.0,,1.0,,,,,,,,,6.0
1405,CA,96051,1.0,,1.0,,,,,,,,,13.0,1.0,,,,,,,,,,16.0
1406,CA,96052,,,,,,,,,1.0,1.0,,19.0,1.0,1.0,,,,,,,,,23.0
1408,CA,96055,6.0,,1.0,,,,1.0,1.0,2.0,2.0,1.0,53.0,7.0,2.0,1.0,,,,,,,,77.0
1410,CA,96057,1.0,,,,,,1.0,2.0,1.0,3.0,3.0,56.0,11.0,4.0,,,,,,,,,82.0
1414,CA,96062,,,,,,,,,,,,9.0,,1.0,,,,,,,,,10.0
1415,CA,96064,,,,,,,,,,,1.0,4.0,,,,,,,,,,,5.0
1418,CA,96071,,,,,,,,,,,,4.0,,1.0,,,,,,,,,5.0
1419,CA,96073,2.0,,,,,,,,,,,44.0,6.0,7.0,2.0,,,,,,,,61.0
1421,CA,96080,16.0,4.0,3.0,4.0,2.0,,4.0,8.0,4.0,4.0,2.0,230.0,71.0,34.0,6.0,2.0,,,,,,,394.0
1424,CA,96088,,,,,,,,,,,,5.0,,,,,,,,,,,5.0
1425,CA,96091,1.0,,1.0,,,,,,,,,9.0,,,2.0,,,,,,,,13.0
1426,CA,96093,,,,,,,,,,,,10.0,2.0,1.0,,,,,,,,,13.0
1427,CA,96094,1.0,,,1.0,,,,1.0,,1.0,,5.0,,,1.0,,,,,,,,10.0
1429,CA,96097,5.0,,,,,,,,,,,26.0,6.0,3.0,,,,,,,,,40.0
1430,CA,96101,,,,1.0,,,,1.0,1.0,1.0,2.0,50.0,,,,,,,,,,,56.0
1431,CA,96103,,,,,,,,,,,,8.0,,2.0,,1.0,,,,,,,11.0
1433,CA,96105,,,,1.0,1.0,,,,,1.0,,1.0,2.0,1.0,,,,,,,,,7.0
1435,CA,96107,1.0,,,,,,1.0,,,,,6.0,3.0,,,,,,,,,,11.0
1438,CA,96118,,,,,,,1.0,1.0,,,,6.0,10.0,6.0,1.0,,,,,,,,25.0
1439,CA,96122,,,,,,1.0,,,,,1.0,4.0,1.0,,,,1.0,,,,,,8.0
1441,CA,96126,1.0,,,,,,,,,,,4.0,2.0,9.0,,,,,,,,,16.0
1443,CA,96130,3.0,,1.0,1.0,,1.0,,,,1.0,,34.0,19.0,9.0,,,,,,,,,69.0
1447,CA,96137,,,,,,,,,,,,5.0,,,,,,,,,,,5.0
1448,CA,96140,,,,,,,,,,,,6.0,,,,,,,,,,,6.0
1449,CA,96141,3.0,,,,,,,,,,,8.0,4.0,,,,,,,,,,15.0
1450,CA,96142,1.0,,,,,,1.0,,,,,11.0,1.0,,,,,,,,,,14.0
1451,CA,96143,3.0,,,,1.0,1.0,,,,,,1.0,,,,,,,,,,,6.0
1452,CA,96145,,,,,,,,,,,2.0,19.0,,2.0,,,,,,,,,23.0
1453,CA,96146,,,,,,,,,,1.0,,20.0,1.0,,,,,,,,1.0,,23.0
1454,CA,96148,1.0,,,,,,,,,,1.0,3.0,,,,,,,,,,,5.0
1455,CA,96150,10.0,2.0,,1.0,1.0,,1.0,1.0,1.0,1.0,,75.0,8.0,7.0,,,,,,,,,108.0
1456,CA,96161,6.0,1.0,,,2.0,,,1.0,,1.0,4.0,69.0,7.0,,,,,,,,,,91.0
